name,type,start_time,duration,"value"
"JTAG","v1frame",0,7.885961281,"Run-Test/Idle"
"JTAG","v1frame",7.885961313,0.000000219,"Select-DR-Scan"
"JTAG","v1frame",7.885961563,0.00000025,"Select-IR-Scan"
"JTAG","v1frame",7.885961844,0.000187094,"Test-Logic-Reset"
"JTAG","v1frame",7.886148969,0.00000025,"Run-Test/Idle"
"JTAG","v1frame",7.88614925,0.000000219,"Select-DR-Scan"
"JTAG","v1frame",7.8861495,0.00000025,"Capture-DR"
"JTAG","v1frame",7.886149781,0.000182469,"Shift-DR
...0xFFFFFFFFFFFFFFFFFFFFFFFFFFFFFFFFFFFFFFFFFFFFFFFFFFFFFFFFFFFFFFFF (672)
...0xFFFFFFFFFFFFFFFFFFFFFFFFFFFFFFFFFFFFFFFFFFFFFFFFFFFFFFFF1030AA6D (672)"
"JTAG","v1frame",7.886332281,0.000000375,"Exit1-DR"
"JTAG","v1frame",7.886332688,0.000000406,"Pause-DR"
"JTAG","v1frame",7.886333125,0.00000025,"Exit2-DR"
"JTAG","v1frame",7.886333406,0.000000219,"Update-DR"
"JTAG","v1frame",7.886333656,0.00000025,"Select-DR-Scan"
"JTAG","v1frame",7.886333937,0.000000219,"Select-IR-Scan"
"JTAG","v1frame",7.886334188,0.004779531,"Test-Logic-Reset"
"JTAG","v1frame",7.89111375,0.000000219,"Run-Test/Idle"
"JTAG","v1frame",7.891114,0.00000025,"Select-DR-Scan"
"JTAG","v1frame",7.891114281,0.00000025,"Select-IR-Scan"
"JTAG","v1frame",7.891114563,0.000000219,"Capture-IR"
"JTAG","v1frame",7.891114812,0.000002156,"Shift-IR
0x7F (7)
0x61 (7)"
"JTAG","v1frame",7.891117,0.000000406,"Exit1-IR"
"JTAG","v1frame",7.891117438,0.00000025,"Update-IR"
"JTAG","v1frame",7.891117719,0.000220969,"Run-Test/Idle"
"JTAG","v1frame",7.891338719,0.000000219,"Select-DR-Scan"
"JTAG","v1frame",7.891338969,0.00000025,"Select-IR-Scan"
"JTAG","v1frame",7.89133925,0.000000219,"Capture-IR"
"JTAG","v1frame",7.8913395,0.000001656,"Shift-IR
0x10 (5)
0x1F (5)"
"JTAG","v1frame",7.891341188,0.000000406,"Exit1-IR"
"JTAG","v1frame",7.891341625,0.000000219,"Update-IR"
"JTAG","v1frame",7.891341875,0.000000406,"Run-Test/Idle"
"JTAG","v1frame",7.891342312,0.00000025,"Select-DR-Scan"
"JTAG","v1frame",7.891342594,0.000000219,"Capture-DR"
"JTAG","v1frame",7.891342844,0.000009125,"Shift-DR
0x00000000 (32)
0x00007071 (32)"
"JTAG","v1frame",7.891352,0.000000406,"Exit1-DR"
"JTAG","v1frame",7.891352438,0.00000025,"Update-DR"
"JTAG","v1frame",7.891352719,0.000000406,"Run-Test/Idle"
"JTAG","v1frame",7.891353156,0.000000219,"Select-DR-Scan"
"JTAG","v1frame",7.891353406,0.00000025,"Select-IR-Scan"
"JTAG","v1frame",7.891353687,0.000000219,"Capture-IR"
"JTAG","v1frame",7.891353937,0.000001656,"Shift-IR
0x11 (5)
0x10 (5)"
"JTAG","v1frame",7.891355625,0.000000375,"Exit1-IR"
"JTAG","v1frame",7.891356031,0.00000025,"Update-IR"
"JTAG","v1frame",7.891356313,0.00020825,"Run-Test/Idle"
"JTAG","v1frame",7.891564594,0.00000025,"Select-DR-Scan"
"JTAG","v1frame",7.891564875,0.00000025,"Select-IR-Scan"
"JTAG","v1frame",7.891565156,0.000000219,"Capture-IR"
"JTAG","v1frame",7.891565406,0.000001625,"Shift-IR
0x10 (5)
0x11 (5)"
"JTAG","v1frame",7.891567063,0.000000406,"Exit1-IR"
"JTAG","v1frame",7.8915675,0.00000025,"Update-IR"
"JTAG","v1frame",7.891567781,0.000000406,"Run-Test/Idle"
"JTAG","v1frame",7.891568219,0.000000219,"Select-DR-Scan"
"JTAG","v1frame",7.891568469,0.00000025,"Capture-DR"
"JTAG","v1frame",7.89156875,0.000009125,"Shift-DR
0x00000000 (32)
0x00007071 (32)"
"JTAG","v1frame",7.891577906,0.000000406,"Exit1-DR"
"JTAG","v1frame",7.891578344,0.000000219,"Update-DR"
"JTAG","v1frame",7.891578594,0.000000406,"Run-Test/Idle"
"JTAG","v1frame",7.891579031,0.00000025,"Select-DR-Scan"
"JTAG","v1frame",7.891579313,0.000000219,"Select-IR-Scan"
"JTAG","v1frame",7.891579562,0.00000025,"Capture-IR"
"JTAG","v1frame",7.891579844,0.000001625,"Shift-IR
0x11 (5)
0x10 (5)"
"JTAG","v1frame",7.8915815,0.000000406,"Exit1-IR"
"JTAG","v1frame",7.891581937,0.00000025,"Update-IR"
"JTAG","v1frame",7.891582219,0.00016425,"Run-Test/Idle"
"JTAG","v1frame",7.8917465,0.00000025,"Select-DR-Scan"
"JTAG","v1frame",7.891746781,0.000000219,"Select-IR-Scan"
"JTAG","v1frame",7.891747031,0.00000025,"Capture-IR"
"JTAG","v1frame",7.891747312,0.000001625,"Shift-IR
0x11 (5)
0x11 (5)"
"JTAG","v1frame",7.891748969,0.000000406,"Exit1-IR"
"JTAG","v1frame",7.891749406,0.00000025,"Update-IR"
"JTAG","v1frame",7.891749687,0.000000375,"Run-Test/Idle"
"JTAG","v1frame",7.891750094,0.00000025,"Select-DR-Scan"
"JTAG","v1frame",7.891750375,0.000000219,"Capture-DR"
"JTAG","v1frame",7.891750625,0.000011437,"Shift-DR
0x04000000002 (41)
0x00000000000 (41)"
"JTAG","v1frame",7.891762094,0.000000406,"Exit1-DR"
"JTAG","v1frame",7.891762531,0.00000025,"Update-DR"
"JTAG","v1frame",7.891762812,0.000169844,"Run-Test/Idle"
"JTAG","v1frame",7.891932687,0.000000219,"Select-DR-Scan"
"JTAG","v1frame",7.891932938,0.00000025,"Capture-DR"
"JTAG","v1frame",7.891933219,0.000011437,"Shift-DR
0x04000000000 (41)
0x04000000003 (41)"
"JTAG","v1frame",7.891944687,0.000000406,"Exit1-DR"
"JTAG","v1frame",7.891945125,0.000000219,"Update-DR"
"JTAG","v1frame",7.891945375,0.000206906,"Run-Test/Idle"
"JTAG","v1frame",7.892152313,0.00000025,"Select-DR-Scan"
"JTAG","v1frame",7.892152594,0.000000219,"Select-IR-Scan"
"JTAG","v1frame",7.892152844,0.00000025,"Capture-IR"
"JTAG","v1frame",7.892153125,0.000001625,"Shift-IR
0x10 (5)
0x11 (5)"
"JTAG","v1frame",7.892154781,0.000000406,"Exit1-IR"
"JTAG","v1frame",7.892155219,0.000000219,"Update-IR"
"JTAG","v1frame",7.892155469,0.000000406,"Run-Test/Idle"
"JTAG","v1frame",7.892155906,0.00000025,"Select-DR-Scan"
"JTAG","v1frame",7.892156188,0.000000219,"Capture-DR"
"JTAG","v1frame",7.892156437,0.000009156,"Shift-DR
0x00010000 (32)
0x00007C71 (32)"
"JTAG","v1frame",7.892165625,0.000000406,"Exit1-DR"
"JTAG","v1frame",7.892166063,0.000000219,"Update-DR"
"JTAG","v1frame",7.892166312,0.000000406,"Run-Test/Idle"
"JTAG","v1frame",7.89216675,0.00000025,"Select-DR-Scan"
"JTAG","v1frame",7.892167031,0.000000219,"Select-IR-Scan"
"JTAG","v1frame",7.892167281,0.00000025,"Capture-IR"
"JTAG","v1frame",7.892167563,0.000001625,"Shift-IR
0x11 (5)
0x10 (5)"
"JTAG","v1frame",7.892169219,0.000000406,"Exit1-IR"
"JTAG","v1frame",7.892169656,0.000000219,"Update-IR"
"JTAG","v1frame",7.892169906,0.0001295,"Run-Test/Idle"
"JTAG","v1frame",7.892299438,0.00000025,"Select-DR-Scan"
"JTAG","v1frame",7.892299719,0.000000219,"Capture-DR"
"JTAG","v1frame",7.892299969,0.000011438,"Shift-DR
0x04000000000 (41)
0x04000000000 (41)"
"JTAG","v1frame",7.892311438,0.000000406,"Exit1-DR"
"JTAG","v1frame",7.892311875,0.00000025,"Update-DR"
"JTAG","v1frame",7.892312156,0.000207344,"Run-Test/Idle"
"JTAG","v1frame",7.892519531,0.000000219,"Select-DR-Scan"
"JTAG","v1frame",7.892519781,0.00000025,"Select-IR-Scan"
"JTAG","v1frame",7.892520063,0.000000219,"Capture-IR"
"JTAG","v1frame",7.892520313,0.000001656,"Shift-IR
0x11 (5)
0x11 (5)"
"JTAG","v1frame",7.892522,0.000000406,"Exit1-IR"
"JTAG","v1frame",7.892522438,0.000000219,"Update-IR"
"JTAG","v1frame",7.892522687,0.000000406,"Run-Test/Idle"
"JTAG","v1frame",7.892523125,0.00000025,"Select-DR-Scan"
"JTAG","v1frame",7.892523406,0.000000219,"Capture-DR"
"JTAG","v1frame",7.892523656,0.000011438,"Shift-DR
0x04000000006 (41)
0x00000000000 (41)"
"JTAG","v1frame",7.892535125,0.000000406,"Exit1-DR"
"JTAG","v1frame",7.892535562,0.000000219,"Update-DR"
"JTAG","v1frame",7.892535813,0.000183906,"Run-Test/Idle"
"JTAG","v1frame",7.89271975,0.00000025,"Select-DR-Scan"
"JTAG","v1frame",7.892720031,0.000000219,"Capture-DR"
"JTAG","v1frame",7.892720281,0.000011438,"Shift-DR
0x04000000000 (41)
0x04000000003 (41)"
"JTAG","v1frame",7.89273175,0.000000406,"Exit1-DR"
"JTAG","v1frame",7.892732188,0.00000025,"Update-DR"
"JTAG","v1frame",7.892732469,0.000188125,"Run-Test/Idle"
"JTAG","v1frame",7.892920625,0.000000219,"Select-DR-Scan"
"JTAG","v1frame",7.892920875,0.00000025,"Select-IR-Scan"
"JTAG","v1frame",7.892921156,0.00000025,"Capture-IR"
"JTAG","v1frame",7.892921438,0.000001625,"Shift-IR
0x10 (5)
0x11 (5)"
"JTAG","v1frame",7.892923094,0.000000406,"Exit1-IR"
"JTAG","v1frame",7.892923531,0.000000219,"Update-IR"
"JTAG","v1frame",7.892923781,0.000000406,"Run-Test/Idle"
"JTAG","v1frame",7.892924219,0.00000025,"Select-DR-Scan"
"JTAG","v1frame",7.8929245,0.000000219,"Capture-DR"
"JTAG","v1frame",7.89292475,0.000009156,"Shift-DR
0x00010000 (32)
0x00007C71 (32)"
"JTAG","v1frame",7.892933937,0.000000375,"Exit1-DR"
"JTAG","v1frame",7.892934344,0.00000025,"Update-DR"
"JTAG","v1frame",7.892934625,0.000000406,"Run-Test/Idle"
"JTAG","v1frame",7.892935063,0.000000219,"Select-DR-Scan"
"JTAG","v1frame",7.892935312,0.00000025,"Select-IR-Scan"
"JTAG","v1frame",7.892935594,0.000000219,"Capture-IR"
"JTAG","v1frame",7.892935844,0.000001656,"Shift-IR
0x11 (5)
0x10 (5)"
"JTAG","v1frame",7.892937531,0.000000406,"Exit1-IR"
"JTAG","v1frame",7.892937969,0.000000219,"Update-IR"
"JTAG","v1frame",7.892938219,0.000180156,"Run-Test/Idle"
"JTAG","v1frame",7.893118406,0.000000219,"Select-DR-Scan"
"JTAG","v1frame",7.893118656,0.00000025,"Capture-DR"
"JTAG","v1frame",7.893118937,0.000011438,"Shift-DR
0x04000000000 (41)
0x04000000004 (41)"
"JTAG","v1frame",7.893130406,0.000000406,"Exit1-DR"
"JTAG","v1frame",7.893130844,0.000000219,"Update-DR"
"JTAG","v1frame",7.893131094,0.000268594,"Run-Test/Idle"
"JTAG","v1frame",7.893399719,0.000000219,"Select-DR-Scan"
"JTAG","v1frame",7.893399969,0.00000025,"Select-IR-Scan"
"JTAG","v1frame",7.89340025,0.000000219,"Capture-IR"
"JTAG","v1frame",7.8934005,0.000001656,"Shift-IR
0x11 (5)
0x11 (5)"
"JTAG","v1frame",7.893402187,0.000000406,"Exit1-IR"
"JTAG","v1frame",7.893402625,0.000000219,"Update-IR"
"JTAG","v1frame",7.893402875,0.000000406,"Run-Test/Idle"
"JTAG","v1frame",7.893403313,0.00000025,"Select-DR-Scan"
"JTAG","v1frame",7.893403594,0.000000219,"Capture-DR"
"JTAG","v1frame",7.893403844,0.000011438,"Shift-DR
0x0401FFFFF06 (41)
0x00000000000 (41)"
"JTAG","v1frame",7.893415313,0.000000406,"Exit1-DR"
"JTAG","v1frame",7.89341575,0.000000219,"Update-DR"
"JTAG","v1frame",7.893416,0.000190656,"Run-Test/Idle"
"JTAG","v1frame",7.893606688,0.000000219,"Select-DR-Scan"
"JTAG","v1frame",7.893606938,0.00000025,"Capture-DR"
"JTAG","v1frame",7.893607219,0.000011438,"Shift-DR
0x04000000000 (41)
0x04000000003 (41)"
"JTAG","v1frame",7.893618688,0.000000406,"Exit1-DR"
"JTAG","v1frame",7.893619125,0.000000219,"Update-DR"
"JTAG","v1frame",7.893619375,0.000199375,"Run-Test/Idle"
"JTAG","v1frame",7.893818781,0.00000025,"Select-DR-Scan"
"JTAG","v1frame",7.893819063,0.000000219,"Select-IR-Scan"
"JTAG","v1frame",7.893819312,0.00000025,"Capture-IR"
"JTAG","v1frame",7.893819594,0.000001625,"Shift-IR
0x10 (5)
0x11 (5)"
"JTAG","v1frame",7.89382125,0.000000406,"Exit1-IR"
"JTAG","v1frame",7.893821688,0.00000025,"Update-IR"
"JTAG","v1frame",7.893821969,0.000000406,"Run-Test/Idle"
"JTAG","v1frame",7.893822406,0.000000219,"Select-DR-Scan"
"JTAG","v1frame",7.893822656,0.00000025,"Capture-DR"
"JTAG","v1frame",7.893822938,0.000009125,"Shift-DR
0x00010000 (32)
0x00007C71 (32)"
"JTAG","v1frame",7.893832094,0.000000406,"Exit1-DR"
"JTAG","v1frame",7.893832531,0.000000219,"Update-DR"
"JTAG","v1frame",7.893832781,0.000000406,"Run-Test/Idle"
"JTAG","v1frame",7.893833219,0.00000025,"Select-DR-Scan"
"JTAG","v1frame",7.8938335,0.000000219,"Select-IR-Scan"
"JTAG","v1frame",7.89383375,0.00000025,"Capture-IR"
"JTAG","v1frame",7.893834031,0.000001625,"Shift-IR
0x11 (5)
0x10 (5)"
"JTAG","v1frame",7.893835688,0.000000406,"Exit1-IR"
"JTAG","v1frame",7.893836125,0.00000025,"Update-IR"
"JTAG","v1frame",7.893836406,0.000190906,"Run-Test/Idle"
"JTAG","v1frame",7.894027344,0.000000219,"Select-DR-Scan"
"JTAG","v1frame",7.894027594,0.00000025,"Capture-DR"
"JTAG","v1frame",7.894027875,0.000011438,"Shift-DR
0x04000000000 (41)
0x0401FFFFF04 (41)"
"JTAG","v1frame",7.894039344,0.000000406,"Exit1-DR"
"JTAG","v1frame",7.894039781,0.000000219,"Update-DR"
"JTAG","v1frame",7.894040031,0.000203531,"Run-Test/Idle"
"JTAG","v1frame",7.894243594,0.00000025,"Select-DR-Scan"
"JTAG","v1frame",7.894243875,0.000000219,"Select-IR-Scan"
"JTAG","v1frame",7.894244125,0.00000025,"Capture-IR"
"JTAG","v1frame",7.894244406,0.000001625,"Shift-IR
0x11 (5)
0x11 (5)"
"JTAG","v1frame",7.894246062,0.000000406,"Exit1-IR"
"JTAG","v1frame",7.8942465,0.00000025,"Update-IR"
"JTAG","v1frame",7.894246781,0.000000375,"Run-Test/Idle"
"JTAG","v1frame",7.894247188,0.00000025,"Select-DR-Scan"
"JTAG","v1frame",7.894247469,0.00000025,"Capture-DR"
"JTAG","v1frame",7.89424775,0.000011406,"Shift-DR
0x04000000001 (41)
0x00000000000 (41)"
"JTAG","v1frame",7.894259188,0.000000406,"Exit1-DR"
"JTAG","v1frame",7.894259625,0.00000025,"Update-DR"
"JTAG","v1frame",7.894259906,0.000165562,"Run-Test/Idle"
"JTAG","v1frame",7.8944255,0.00000025,"Select-DR-Scan"
"JTAG","v1frame",7.894425781,0.000000219,"Capture-DR"
"JTAG","v1frame",7.894426031,0.000011437,"Shift-DR
0x04000000000 (41)
0x04000000003 (41)"
"JTAG","v1frame",7.8944375,0.000000406,"Exit1-DR"
"JTAG","v1frame",7.894437938,0.000000219,"Update-DR"
"JTAG","v1frame",7.894438187,0.000248406,"Run-Test/Idle"
"JTAG","v1frame",7.894686625,0.000000219,"Select-DR-Scan"
"JTAG","v1frame",7.894686875,0.00000025,"Select-IR-Scan"
"JTAG","v1frame",7.894687156,0.000000219,"Capture-IR"
"JTAG","v1frame",7.894687406,0.000001656,"Shift-IR
0x10 (5)
0x11 (5)"
"JTAG","v1frame",7.894689094,0.000000375,"Exit1-IR"
"JTAG","v1frame",7.8946895,0.00000025,"Update-IR"
"JTAG","v1frame",7.894689781,0.000000406,"Run-Test/Idle"
"JTAG","v1frame",7.894690219,0.000000219,"Select-DR-Scan"
"JTAG","v1frame",7.894690469,0.00000025,"Capture-DR"
"JTAG","v1frame",7.89469075,0.000009125,"Shift-DR
0x00010000 (32)
0x00007C71 (32)"
"JTAG","v1frame",7.894699906,0.000000406,"Exit1-DR"
"JTAG","v1frame",7.894700344,0.00000025,"Update-DR"
"JTAG","v1frame",7.894700625,0.000000375,"Run-Test/Idle"
"JTAG","v1frame",7.894701031,0.00000025,"Select-DR-Scan"
"JTAG","v1frame",7.894701312,0.00000025,"Select-IR-Scan"
"JTAG","v1frame",7.894701594,0.000000219,"Capture-IR"
"JTAG","v1frame",7.894701844,0.000001625,"Shift-IR
0x11 (5)
0x10 (5)"
"JTAG","v1frame",7.8947035,0.000000406,"Exit1-IR"
"JTAG","v1frame",7.894703938,0.00000025,"Update-IR"
"JTAG","v1frame",7.894704219,0.000155062,"Run-Test/Idle"
"JTAG","v1frame",7.894859313,0.00000025,"Select-DR-Scan"
"JTAG","v1frame",7.894859594,0.00000025,"Capture-DR"
"JTAG","v1frame",7.894859875,0.000011406,"Shift-DR
0x04000000000 (41)
0x0400FFC0004 (41)"
"JTAG","v1frame",7.894871313,0.000000406,"Exit1-DR"
"JTAG","v1frame",7.89487175,0.00000025,"Update-DR"
"JTAG","v1frame",7.894872031,0.000166469,"Run-Test/Idle"
"JTAG","v1frame",7.895038531,0.000000219,"Select-DR-Scan"
"JTAG","v1frame",7.895038781,0.00000025,"Select-IR-Scan"
"JTAG","v1frame",7.895039063,0.000000219,"Capture-IR"
"JTAG","v1frame",7.895039312,0.000001656,"Shift-IR
0x11 (5)
0x11 (5)"
"JTAG","v1frame",7.895041,0.000000406,"Exit1-IR"
"JTAG","v1frame",7.895041437,0.000000219,"Update-IR"
"JTAG","v1frame",7.895041688,0.000000406,"Run-Test/Idle"
"JTAG","v1frame",7.895042125,0.00000025,"Select-DR-Scan"
"JTAG","v1frame",7.895042406,0.000000219,"Capture-DR"
"JTAG","v1frame",7.895042656,0.000011437,"Shift-DR
0x04400000001 (41)
0x00000000000 (41)"
"JTAG","v1frame",7.895054125,0.000000406,"Exit1-DR"
"JTAG","v1frame",7.895054563,0.000000219,"Update-DR"
"JTAG","v1frame",7.895054812,0.0001865,"Run-Test/Idle"
"JTAG","v1frame",7.895241344,0.00000025,"Select-DR-Scan"
"JTAG","v1frame",7.895241625,0.000000219,"Capture-DR"
"JTAG","v1frame",7.895241875,0.000011438,"Shift-DR
0x04400000000 (41)
0x044012BAA88 (41)"
"JTAG","v1frame",7.895253344,0.000000406,"Exit1-DR"
"JTAG","v1frame",7.895253781,0.00000025,"Update-DR"
"JTAG","v1frame",7.895254063,0.000188906,"Run-Test/Idle"
"JTAG","v1frame",7.895443,0.00000025,"Select-DR-Scan"
"JTAG","v1frame",7.895443281,0.000000219,"Select-IR-Scan"
"JTAG","v1frame",7.895443531,0.00000025,"Capture-IR"
"JTAG","v1frame",7.895443812,0.000001625,"Shift-IR
0x11 (5)
0x11 (5)"
"JTAG","v1frame",7.895445469,0.000000406,"Exit1-IR"
"JTAG","v1frame",7.895445906,0.000000219,"Update-IR"
"JTAG","v1frame",7.895446156,0.000000406,"Run-Test/Idle"
"JTAG","v1frame",7.895446594,0.00000025,"Select-DR-Scan"
"JTAG","v1frame",7.895446875,0.000000219,"Capture-DR"
"JTAG","v1frame",7.895447125,0.000011438,"Shift-DR
0x04800000001 (41)
0x00000000000 (41)"
"JTAG","v1frame",7.895458594,0.000000406,"Exit1-DR"
"JTAG","v1frame",7.895459031,0.00000025,"Update-DR"
"JTAG","v1frame",7.895459312,0.000205,"Run-Test/Idle"
"JTAG","v1frame",7.895664344,0.000000219,"Select-DR-Scan"
"JTAG","v1frame",7.895664594,0.00000025,"Capture-DR"
"JTAG","v1frame",7.895664875,0.000011438,"Shift-DR
0x04800000000 (41)
0x04800850440 (41)"
"JTAG","v1frame",7.895676344,0.000000375,"Exit1-DR"
"JTAG","v1frame",7.89567675,0.00000025,"Update-DR"
"JTAG","v1frame",7.895677031,0.000168656,"Run-Test/Idle"
"JTAG","v1frame",7.895845719,0.00000025,"Select-DR-Scan"
"JTAG","v1frame",7.895846,0.000000219,"Select-IR-Scan"
"JTAG","v1frame",7.89584625,0.00000025,"Capture-IR"
"JTAG","v1frame",7.895846531,0.000001625,"Shift-IR
0x11 (5)
0x11 (5)"
"JTAG","v1frame",7.895848188,0.000000406,"Exit1-IR"
"JTAG","v1frame",7.895848625,0.00000025,"Update-IR"
"JTAG","v1frame",7.895848906,0.000000406,"Run-Test/Idle"
"JTAG","v1frame",7.895849344,0.000000219,"Select-DR-Scan"
"JTAG","v1frame",7.895849594,0.00000025,"Capture-DR"
"JTAG","v1frame",7.895849875,0.000011438,"Shift-DR
0x0E000000001 (41)
0x00000000000 (41)"
"JTAG","v1frame",7.895861344,0.000000375,"Exit1-DR"
"JTAG","v1frame",7.89586175,0.00000025,"Update-DR"
"JTAG","v1frame",7.895862031,0.000174375,"Run-Test/Idle"
"JTAG","v1frame",7.896036438,0.00000025,"Select-DR-Scan"
"JTAG","v1frame",7.896036719,0.000000219,"Capture-DR"
"JTAG","v1frame",7.896036969,0.000011438,"Shift-DR
0x0E000000000 (41)
0x0E08010101C (41)"
"JTAG","v1frame",7.896048438,0.000000406,"Exit1-DR"
"JTAG","v1frame",7.896048875,0.00000025,"Update-DR"
"JTAG","v1frame",7.896049156,0.000185094,"Run-Test/Idle"
"JTAG","v1frame",7.896234281,0.000000219,"Select-DR-Scan"
"JTAG","v1frame",7.896234531,0.00000025,"Select-IR-Scan"
"JTAG","v1frame",7.896234813,0.000000219,"Capture-IR"
"JTAG","v1frame",7.896235062,0.000001656,"Shift-IR
0x11 (5)
0x11 (5)"
"JTAG","v1frame",7.89623675,0.000000406,"Exit1-IR"
"JTAG","v1frame",7.896237187,0.000000219,"Update-IR"
"JTAG","v1frame",7.896237437,0.000000406,"Run-Test/Idle"
"JTAG","v1frame",7.896237875,0.000000219,"Select-DR-Scan"
"JTAG","v1frame",7.896238125,0.00000025,"Capture-DR"
"JTAG","v1frame",7.896238406,0.000011437,"Shift-DR
0x05800000001 (41)
0x00000000000 (41)"
"JTAG","v1frame",7.896249875,0.000000406,"Exit1-DR"
"JTAG","v1frame",7.896250313,0.000000219,"Update-DR"
"JTAG","v1frame",7.896250562,0.00015875,"Run-Test/Idle"
"JTAG","v1frame",7.896409344,0.00000025,"Select-DR-Scan"
"JTAG","v1frame",7.896409625,0.000000219,"Capture-DR"
"JTAG","v1frame",7.896409875,0.000011438,"Shift-DR
0x05800000000 (41)
0x05808000010 (41)"
"JTAG","v1frame",7.896421344,0.000000406,"Exit1-DR"
"JTAG","v1frame",7.896421781,0.00000025,"Update-DR"
"JTAG","v1frame",7.896422063,0.003025844,"Run-Test/Idle"
"JTAG","v1frame",7.899447937,0.000000219,"Select-DR-Scan"
"JTAG","v1frame",7.899448187,0.00000025,"Select-IR-Scan"
"JTAG","v1frame",7.899448469,0.000000219,"Capture-IR"
"JTAG","v1frame",7.899448719,0.000001656,"Shift-IR
0x11 (5)
0x11 (5)"
"JTAG","v1frame",7.899450406,0.000000375,"Exit1-IR"
"JTAG","v1frame",7.899450812,0.00000025,"Update-IR"
"JTAG","v1frame",7.899451094,0.000000406,"Run-Test/Idle"
"JTAG","v1frame",7.899451531,0.000000219,"Select-DR-Scan"
"JTAG","v1frame",7.899451781,0.00000025,"Capture-DR"
"JTAG","v1frame",7.899452062,0.000011438,"Shift-DR
0x04000000001 (41)
0x00000000000 (41)"
"JTAG","v1frame",7.899463531,0.000000406,"Exit1-DR"
"JTAG","v1frame",7.899463969,0.000000219,"Update-DR"
"JTAG","v1frame",7.899464219,0.000163469,"Run-Test/Idle"
"JTAG","v1frame",7.899627719,0.00000025,"Select-DR-Scan"
"JTAG","v1frame",7.899628,0.000000219,"Capture-DR"
"JTAG","v1frame",7.89962825,0.000011438,"Shift-DR
0x04000000000 (41)
0x0400FFC0004 (41)"
"JTAG","v1frame",7.899639719,0.000000406,"Exit1-DR"
"JTAG","v1frame",7.899640156,0.00000025,"Update-DR"
"JTAG","v1frame",7.899640437,0.000137969,"Run-Test/Idle"
"JTAG","v1frame",7.899778438,0.00000025,"Select-DR-Scan"
"JTAG","v1frame",7.899778719,0.000000219,"Select-IR-Scan"
"JTAG","v1frame",7.899778969,0.00000025,"Capture-IR"
"JTAG","v1frame",7.89977925,0.000001625,"Shift-IR
0x11 (5)
0x11 (5)"
"JTAG","v1frame",7.899780906,0.000000406,"Exit1-IR"
"JTAG","v1frame",7.899781344,0.000000219,"Update-IR"
"JTAG","v1frame",7.899781594,0.000000406,"Run-Test/Idle"
"JTAG","v1frame",7.899782031,0.00000025,"Select-DR-Scan"
"JTAG","v1frame",7.899782313,0.000000219,"Capture-DR"
"JTAG","v1frame",7.899782563,0.000011437,"Shift-DR
0x04000000006 (41)
0x00000000000 (41)"
"JTAG","v1frame",7.899794031,0.000000406,"Exit1-DR"
"JTAG","v1frame",7.899794469,0.00000025,"Update-DR"
"JTAG","v1frame",7.89979475,0.000114531,"Run-Test/Idle"
"JTAG","v1frame",7.899909313,0.000000219,"Select-DR-Scan"
"JTAG","v1frame",7.899909563,0.00000025,"Capture-DR"
"JTAG","v1frame",7.899909844,0.000011438,"Shift-DR
0x04000000000 (41)
0x04000000004 (41)"
"JTAG","v1frame",7.899921313,0.000000406,"Exit1-DR"
"JTAG","v1frame",7.89992175,0.000000219,"Update-DR"
"JTAG","v1frame",7.899922,0.000122281,"Run-Test/Idle"
"JTAG","v1frame",7.900044313,0.000000219,"Select-DR-Scan"
"JTAG","v1frame",7.900044562,0.00000025,"Select-IR-Scan"
"JTAG","v1frame",7.900044844,0.000000219,"Capture-IR"
"JTAG","v1frame",7.900045094,0.000001656,"Shift-IR
0x11 (5)
0x11 (5)"
"JTAG","v1frame",7.900046781,0.000000375,"Exit1-IR"
"JTAG","v1frame",7.900047188,0.00000025,"Update-IR"
"JTAG","v1frame",7.900047469,0.000000406,"Run-Test/Idle"
"JTAG","v1frame",7.900047906,0.000000219,"Select-DR-Scan"
"JTAG","v1frame",7.900048156,0.00000025,"Capture-DR"
"JTAG","v1frame",7.900048437,0.000011438,"Shift-DR
0x04400000001 (41)
0x00000000000 (41)"
"JTAG","v1frame",7.900059906,0.000000406,"Exit1-DR"
"JTAG","v1frame",7.900060344,0.000000219,"Update-DR"
"JTAG","v1frame",7.900060594,0.00019525,"Run-Test/Idle"
"JTAG","v1frame",7.900255875,0.00000025,"Select-DR-Scan"
"JTAG","v1frame",7.900256156,0.000000219,"Capture-DR"
"JTAG","v1frame",7.900256406,0.000011438,"Shift-DR
0x04400000000 (41)
0x04401003288 (41)"
"JTAG","v1frame",7.900267875,0.000000406,"Exit1-DR"
"JTAG","v1frame",7.900268312,0.00000025,"Update-DR"
"JTAG","v1frame",7.900268594,0.000194656,"Run-Test/Idle"
"JTAG","v1frame",7.900463281,0.00000025,"Select-DR-Scan"
"JTAG","v1frame",7.900463562,0.00000025,"Select-IR-Scan"
"JTAG","v1frame",7.900463844,0.000000219,"Capture-IR"
"JTAG","v1frame",7.900464094,0.000001625,"Shift-IR
0x11 (5)
0x11 (5)"
"JTAG","v1frame",7.90046575,0.000000406,"Exit1-IR"
"JTAG","v1frame",7.900466188,0.00000025,"Update-IR"
"JTAG","v1frame",7.900466469,0.000000406,"Run-Test/Idle"
"JTAG","v1frame",7.900466906,0.000000219,"Select-DR-Scan"
"JTAG","v1frame",7.900467156,0.00000025,"Capture-DR"
"JTAG","v1frame",7.900467437,0.000011438,"Shift-DR
0x04000000001 (41)
0x00000000000 (41)"
"JTAG","v1frame",7.900478906,0.000000406,"Exit1-DR"
"JTAG","v1frame",7.900479344,0.000000219,"Update-DR"
"JTAG","v1frame",7.900479594,0.000148875,"Run-Test/Idle"
"JTAG","v1frame",7.9006285,0.000000219,"Select-DR-Scan"
"JTAG","v1frame",7.90062875,0.00000025,"Capture-DR"
"JTAG","v1frame",7.900629031,0.000011437,"Shift-DR
0x04000000000 (41)
0x04000000004 (41)"
"JTAG","v1frame",7.9006405,0.000000406,"Exit1-DR"
"JTAG","v1frame",7.900640938,0.000000219,"Update-DR"
"JTAG","v1frame",7.900641187,0.000211563,"Run-Test/Idle"
"JTAG","v1frame",7.900852781,0.000000219,"Select-DR-Scan"
"JTAG","v1frame",7.900853031,0.00000025,"Select-IR-Scan"
"JTAG","v1frame",7.900853312,0.000000219,"Capture-IR"
"JTAG","v1frame",7.900853563,0.000001656,"Shift-IR
0x11 (5)
0x11 (5)"
"JTAG","v1frame",7.90085525,0.000000406,"Exit1-IR"
"JTAG","v1frame",7.900855688,0.000000219,"Update-IR"
"JTAG","v1frame",7.900855938,0.000000406,"Run-Test/Idle"
"JTAG","v1frame",7.900856375,0.000000219,"Select-DR-Scan"
"JTAG","v1frame",7.900856625,0.00000025,"Capture-DR"
"JTAG","v1frame",7.900856906,0.000011438,"Shift-DR
0x04000040006 (41)
0x00000000000 (41)"
"JTAG","v1frame",7.900868375,0.000000406,"Exit1-DR"
"JTAG","v1frame",7.900868812,0.000000219,"Update-DR"
"JTAG","v1frame",7.900869062,0.000145188,"Run-Test/Idle"
"JTAG","v1frame",7.901014281,0.00000025,"Select-DR-Scan"
"JTAG","v1frame",7.901014563,0.000000219,"Capture-DR"
"JTAG","v1frame",7.901014812,0.000011438,"Shift-DR
0x04000000000 (41)
0x04000040004 (41)"
"JTAG","v1frame",7.901026281,0.000000406,"Exit1-DR"
"JTAG","v1frame",7.901026719,0.00000025,"Update-DR"
"JTAG","v1frame",7.901027,0.000323,"Run-Test/Idle"
"JTAG","v1frame",7.901350031,0.00000025,"Select-DR-Scan"
"JTAG","v1frame",7.901350312,0.000000219,"Select-IR-Scan"
"JTAG","v1frame",7.901350563,0.00000025,"Capture-IR"
"JTAG","v1frame",7.901350844,0.000001625,"Shift-IR
0x11 (5)
0x11 (5)"
"JTAG","v1frame",7.9013525,0.000000406,"Exit1-IR"
"JTAG","v1frame",7.901352937,0.000000219,"Update-IR"
"JTAG","v1frame",7.901353187,0.000000406,"Run-Test/Idle"
"JTAG","v1frame",7.901353625,0.00000025,"Select-DR-Scan"
"JTAG","v1frame",7.901353906,0.000000219,"Capture-DR"
"JTAG","v1frame",7.901354156,0.000011437,"Shift-DR
0x04400000001 (41)
0x00000000000 (41)"
"JTAG","v1frame",7.901365625,0.000000406,"Exit1-DR"
"JTAG","v1frame",7.901366063,0.00000025,"Update-DR"
"JTAG","v1frame",7.901366344,0.000149563,"Run-Test/Idle"
"JTAG","v1frame",7.901515938,0.000000219,"Select-DR-Scan"
"JTAG","v1frame",7.901516188,0.00000025,"Capture-DR"
"JTAG","v1frame",7.901516469,0.000011438,"Shift-DR
0x04400000000 (41)
0x044012BAA88 (41)"
"JTAG","v1frame",7.901527938,0.000000406,"Exit1-DR"
"JTAG","v1frame",7.901528375,0.000000219,"Update-DR"
"JTAG","v1frame",7.901528625,0.000158031,"Run-Test/Idle"
"JTAG","v1frame",7.901686687,0.000000219,"Select-DR-Scan"
"JTAG","v1frame",7.901686938,0.00000025,"Select-IR-Scan"
"JTAG","v1frame",7.901687219,0.000000219,"Capture-IR"
"JTAG","v1frame",7.901687469,0.000001656,"Shift-IR
0x11 (5)
0x11 (5)"
"JTAG","v1frame",7.901689156,0.000000375,"Exit1-IR"
"JTAG","v1frame",7.901689562,0.00000025,"Update-IR"
"JTAG","v1frame",7.901689844,0.000000406,"Run-Test/Idle"
"JTAG","v1frame",7.901690281,0.000000219,"Select-DR-Scan"
"JTAG","v1frame",7.901690531,0.00000025,"Capture-DR"
"JTAG","v1frame",7.901690813,0.000011437,"Shift-DR
0x04000000001 (41)
0x00000000000 (41)"
"JTAG","v1frame",7.901702281,0.000000406,"Exit1-DR"
"JTAG","v1frame",7.901702719,0.000000219,"Update-DR"
"JTAG","v1frame",7.901702969,0.000144156,"Run-Test/Idle"
"JTAG","v1frame",7.901847156,0.000000219,"Select-DR-Scan"
"JTAG","v1frame",7.901847406,0.00000025,"Capture-DR"
"JTAG","v1frame",7.901847688,0.000011438,"Shift-DR
0x04000000000 (41)
0x04000040004 (41)"
"JTAG","v1frame",7.901859156,0.000000375,"Exit1-DR"
"JTAG","v1frame",7.901859563,0.00000025,"Update-DR"
"JTAG","v1frame",7.901859844,0.00012925,"Run-Test/Idle"
"JTAG","v1frame",7.901989125,0.00000025,"Select-DR-Scan"
"JTAG","v1frame",7.901989406,0.00000025,"Select-IR-Scan"
"JTAG","v1frame",7.901989688,0.000000219,"Capture-IR"
"JTAG","v1frame",7.901989937,0.000001625,"Shift-IR
0x11 (5)
0x11 (5)"
"JTAG","v1frame",7.901991594,0.000000406,"Exit1-IR"
"JTAG","v1frame",7.901992031,0.00000025,"Update-IR"
"JTAG","v1frame",7.901992313,0.000000406,"Run-Test/Idle"
"JTAG","v1frame",7.90199275,0.000000219,"Select-DR-Scan"
"JTAG","v1frame",7.901993,0.00000025,"Capture-DR"
"JTAG","v1frame",7.901993281,0.000011437,"Shift-DR
0x04000000006 (41)
0x00000000000 (41)"
"JTAG","v1frame",7.90200475,0.000000406,"Exit1-DR"
"JTAG","v1frame",7.902005188,0.000000219,"Update-DR"
"JTAG","v1frame",7.902005437,0.000112906,"Run-Test/Idle"
"JTAG","v1frame",7.902118375,0.00000025,"Select-DR-Scan"
"JTAG","v1frame",7.902118656,0.000000219,"Capture-DR"
"JTAG","v1frame",7.902118906,0.000011438,"Shift-DR
0x04000000000 (41)
0x04000000004 (41)"
"JTAG","v1frame",7.902130375,0.000000406,"Exit1-DR"
"JTAG","v1frame",7.902130813,0.00000025,"Update-DR"
"JTAG","v1frame",7.902131094,0.00013075,"Run-Test/Idle"
"JTAG","v1frame",7.902261875,0.00000025,"Select-DR-Scan"
"JTAG","v1frame",7.902262156,0.000000219,"Select-IR-Scan"
"JTAG","v1frame",7.902262406,0.00000025,"Capture-IR"
"JTAG","v1frame",7.902262688,0.000001625,"Shift-IR
0x11 (5)
0x11 (5)"
"JTAG","v1frame",7.902264344,0.000000406,"Exit1-IR"
"JTAG","v1frame",7.902264781,0.00000025,"Update-IR"
"JTAG","v1frame",7.902265062,0.000000406,"Run-Test/Idle"
"JTAG","v1frame",7.9022655,0.000000219,"Select-DR-Scan"
"JTAG","v1frame",7.90226575,0.00000025,"Capture-DR"
"JTAG","v1frame",7.902266031,0.000011438,"Shift-DR
0x04400000001 (41)
0x00000000000 (41)"
"JTAG","v1frame",7.9022775,0.000000375,"Exit1-DR"
"JTAG","v1frame",7.902277906,0.00000025,"Update-DR"
"JTAG","v1frame",7.902278188,0.000120094,"Run-Test/Idle"
"JTAG","v1frame",7.902398312,0.00000025,"Select-DR-Scan"
"JTAG","v1frame",7.902398594,0.000000219,"Capture-DR"
"JTAG","v1frame",7.902398844,0.000011437,"Shift-DR
0x04400000000 (41)
0x04401003288 (41)"
"JTAG","v1frame",7.902410312,0.000000406,"Exit1-DR"
"JTAG","v1frame",7.90241075,0.00000025,"Update-DR"
"JTAG","v1frame",7.902411031,0.000254563,"Run-Test/Idle"
"JTAG","v1frame",7.902665625,0.000000219,"Select-DR-Scan"
"JTAG","v1frame",7.902665875,0.00000025,"Select-IR-Scan"
"JTAG","v1frame",7.902666156,0.000000219,"Capture-IR"
"JTAG","v1frame",7.902666406,0.000001656,"Shift-IR
0x11 (5)
0x11 (5)"
"JTAG","v1frame",7.902668094,0.000000375,"Exit1-IR"
"JTAG","v1frame",7.9026685,0.00000025,"Update-IR"
"JTAG","v1frame",7.902668781,0.000000406,"Run-Test/Idle"
"JTAG","v1frame",7.902669219,0.000000219,"Select-DR-Scan"
"JTAG","v1frame",7.902669469,0.00000025,"Capture-DR"
"JTAG","v1frame",7.90266975,0.000011437,"Shift-DR
0x04200000006 (41)
0x00000000000 (41)"
"JTAG","v1frame",7.902681219,0.000000406,"Exit1-DR"
"JTAG","v1frame",7.902681656,0.000000219,"Update-DR"
"JTAG","v1frame",7.902681906,0.000154812,"Run-Test/Idle"
"JTAG","v1frame",7.90283675,0.00000025,"Select-DR-Scan"
"JTAG","v1frame",7.902837031,0.000000219,"Capture-DR"
"JTAG","v1frame",7.902837281,0.000011437,"Shift-DR
0x04000000000 (41)
0x04200000004 (41)"
"JTAG","v1frame",7.90284875,0.000000406,"Exit1-DR"
"JTAG","v1frame",7.902849188,0.00000025,"Update-DR"
"JTAG","v1frame",7.902849469,0.000144969,"Run-Test/Idle"
"JTAG","v1frame",7.902994469,0.000000219,"Select-DR-Scan"
"JTAG","v1frame",7.902994719,0.00000025,"Select-IR-Scan"
"JTAG","v1frame",7.902995,0.000000219,"Capture-IR"
"JTAG","v1frame",7.90299525,0.000001656,"Shift-IR
0x11 (5)
0x11 (5)"
"JTAG","v1frame",7.902996938,0.000000375,"Exit1-IR"
"JTAG","v1frame",7.902997344,0.00000025,"Update-IR"
"JTAG","v1frame",7.902997625,0.000000406,"Run-Test/Idle"
"JTAG","v1frame",7.902998063,0.000000219,"Select-DR-Scan"
"JTAG","v1frame",7.902998313,0.00000025,"Capture-DR"
"JTAG","v1frame",7.902998594,0.000011438,"Shift-DR
0x04400000001 (41)
0x00000000000 (41)"
"JTAG","v1frame",7.903010062,0.000000406,"Exit1-DR"
"JTAG","v1frame",7.9030105,0.000000219,"Update-DR"
"JTAG","v1frame",7.90301075,0.000154562,"Run-Test/Idle"
"JTAG","v1frame",7.903165344,0.000000219,"Select-DR-Scan"
"JTAG","v1frame",7.903165594,0.00000025,"Capture-DR"
"JTAG","v1frame",7.903165875,0.000011438,"Shift-DR
0x04400000000 (41)
0x04401000E88 (41)"
"JTAG","v1frame",7.903177344,0.000000406,"Exit1-DR"
"JTAG","v1frame",7.903177781,0.000000219,"Update-DR"
"JTAG","v1frame",7.903178031,0.000130187,"Run-Test/Idle"
"JTAG","v1frame",7.90330825,0.00000025,"Select-DR-Scan"
"JTAG","v1frame",7.903308531,0.000000219,"Select-IR-Scan"
"JTAG","v1frame",7.903308781,0.00000025,"Capture-IR"
"JTAG","v1frame",7.903309063,0.000001625,"Shift-IR
0x11 (5)
0x11 (5)"
"JTAG","v1frame",7.903310719,0.000000406,"Exit1-IR"
"JTAG","v1frame",7.903311156,0.000000219,"Update-IR"
"JTAG","v1frame",7.903311406,0.000000406,"Run-Test/Idle"
"JTAG","v1frame",7.903311844,0.00000025,"Select-DR-Scan"
"JTAG","v1frame",7.903312125,0.000000219,"Capture-DR"
"JTAG","v1frame",7.903312375,0.000011438,"Shift-DR
0x04400000001 (41)
0x00000000000 (41)"
"JTAG","v1frame",7.903323844,0.000000406,"Exit1-DR"
"JTAG","v1frame",7.903324281,0.00000025,"Update-DR"
"JTAG","v1frame",7.903324562,0.000158219,"Run-Test/Idle"
"JTAG","v1frame",7.903482813,0.000000219,"Select-DR-Scan"
"JTAG","v1frame",7.903483063,0.00000025,"Capture-DR"
"JTAG","v1frame",7.903483344,0.000011438,"Shift-DR
0x04400000000 (41)
0x04401000E88 (41)"
"JTAG","v1frame",7.903494812,0.000000406,"Exit1-DR"
"JTAG","v1frame",7.90349525,0.000000219,"Update-DR"
"JTAG","v1frame",7.9034955,0.000121812,"Run-Test/Idle"
"JTAG","v1frame",7.903617344,0.000000219,"Select-DR-Scan"
"JTAG","v1frame",7.903617594,0.00000025,"Select-IR-Scan"
"JTAG","v1frame",7.903617875,0.000000219,"Capture-IR"
"JTAG","v1frame",7.903618125,0.000001656,"Shift-IR
0x11 (5)
0x11 (5)"
"JTAG","v1frame",7.903619812,0.000000375,"Exit1-IR"
"JTAG","v1frame",7.903620219,0.00000025,"Update-IR"
"JTAG","v1frame",7.9036205,0.000000406,"Run-Test/Idle"
"JTAG","v1frame",7.903620938,0.000000219,"Select-DR-Scan"
"JTAG","v1frame",7.903621187,0.00000025,"Capture-DR"
"JTAG","v1frame",7.903621469,0.000011438,"Shift-DR
0x04000000006 (41)
0x00000000000 (41)"
"JTAG","v1frame",7.903632938,0.000000406,"Exit1-DR"
"JTAG","v1frame",7.903633375,0.000000219,"Update-DR"
"JTAG","v1frame",7.903633625,0.000118812,"Run-Test/Idle"
"JTAG","v1frame",7.903752469,0.00000025,"Select-DR-Scan"
"JTAG","v1frame",7.90375275,0.000000219,"Capture-DR"
"JTAG","v1frame",7.903753,0.000011438,"Shift-DR
0x04000000000 (41)
0x04000000004 (41)"
"JTAG","v1frame",7.903764469,0.000000406,"Exit1-DR"
"JTAG","v1frame",7.903764906,0.00000025,"Update-DR"
"JTAG","v1frame",7.903765188,0.00036125,"Run-Test/Idle"
"JTAG","v1frame",7.904126469,0.000000219,"Select-DR-Scan"
"JTAG","v1frame",7.904126719,0.00000025,"Select-IR-Scan"
"JTAG","v1frame",7.904127,0.000000219,"Capture-IR"
"JTAG","v1frame",7.90412725,0.000001656,"Shift-IR
0x11 (5)
0x11 (5)"
"JTAG","v1frame",7.904128938,0.000000375,"Exit1-IR"
"JTAG","v1frame",7.904129344,0.00000025,"Update-IR"
"JTAG","v1frame",7.904129625,0.000000406,"Run-Test/Idle"
"JTAG","v1frame",7.904130063,0.000000219,"Select-DR-Scan"
"JTAG","v1frame",7.904130313,0.00000025,"Capture-DR"
"JTAG","v1frame",7.904130594,0.000011438,"Shift-DR
0x05C00C84022 (41)
0x00000000000 (41)"
"JTAG","v1frame",7.904142063,0.000000406,"Exit1-DR"
"JTAG","v1frame",7.9041425,0.000000219,"Update-DR"
"JTAG","v1frame",7.90414275,0.000126031,"Run-Test/Idle"
"JTAG","v1frame",7.904268812,0.00000025,"Select-DR-Scan"
"JTAG","v1frame",7.904269094,0.000000219,"Select-IR-Scan"
"JTAG","v1frame",7.904269344,0.00000025,"Capture-IR"
"JTAG","v1frame",7.904269625,0.000001625,"Shift-IR
0x11 (5)
0x11 (5)"
"JTAG","v1frame",7.904271281,0.000000406,"Exit1-IR"
"JTAG","v1frame",7.904271719,0.00000025,"Update-IR"
"JTAG","v1frame",7.904272,0.000000406,"Run-Test/Idle"
"JTAG","v1frame",7.904272438,0.000000219,"Select-DR-Scan"
"JTAG","v1frame",7.904272687,0.00000025,"Capture-DR"
"JTAG","v1frame",7.904272969,0.000011438,"Shift-DR
0x05800000001 (41)
0x05C00C84020 (41)"
"JTAG","v1frame",7.904284438,0.000000375,"Exit1-DR"
"JTAG","v1frame",7.904284844,0.00000025,"Update-DR"
"JTAG","v1frame",7.904285125,0.000115687,"Run-Test/Idle"
"JTAG","v1frame",7.904400844,0.00000025,"Select-DR-Scan"
"JTAG","v1frame",7.904401125,0.000000219,"Capture-DR"
"JTAG","v1frame",7.904401375,0.000011438,"Shift-DR
0x05800000000 (41)
0x05808000C10 (41)"
"JTAG","v1frame",7.904412844,0.000000406,"Exit1-DR"
"JTAG","v1frame",7.904413281,0.00000025,"Update-DR"
"JTAG","v1frame",7.904413563,0.000151031,"Run-Test/Idle"
"JTAG","v1frame",7.904564625,0.00000025,"Select-DR-Scan"
"JTAG","v1frame",7.904564906,0.000000219,"Select-IR-Scan"
"JTAG","v1frame",7.904565156,0.00000025,"Capture-IR"
"JTAG","v1frame",7.904565437,0.000001625,"Shift-IR
0x11 (5)
0x11 (5)"
"JTAG","v1frame",7.904567094,0.000000406,"Exit1-IR"
"JTAG","v1frame",7.904567531,0.00000025,"Update-IR"
"JTAG","v1frame",7.904567812,0.000000406,"Run-Test/Idle"
"JTAG","v1frame",7.90456825,0.000000219,"Select-DR-Scan"
"JTAG","v1frame",7.9045685,0.00000025,"Capture-DR"
"JTAG","v1frame",7.904568781,0.000011437,"Shift-DR
0x05800001C02 (41)
0x00000000000 (41)"
"JTAG","v1frame",7.90458025,0.000000375,"Exit1-DR"
"JTAG","v1frame",7.904580656,0.00000025,"Update-DR"
"JTAG","v1frame",7.904580937,0.000232781,"Run-Test/Idle"
"JTAG","v1frame",7.90481375,0.000000219,"Select-DR-Scan"
"JTAG","v1frame",7.904814,0.00000025,"Capture-DR"
"JTAG","v1frame",7.904814281,0.000011437,"Shift-DR
0x05800000000 (41)
0x05800001C00 (41)"
"JTAG","v1frame",7.90482575,0.000000406,"Exit1-DR"
"JTAG","v1frame",7.904826188,0.000000219,"Update-DR"
"JTAG","v1frame",7.904826437,0.000135406,"Run-Test/Idle"
"JTAG","v1frame",7.904961875,0.000000219,"Select-DR-Scan"
"JTAG","v1frame",7.904962125,0.00000025,"Select-IR-Scan"
"JTAG","v1frame",7.904962406,0.000000219,"Capture-IR"
"JTAG","v1frame",7.904962656,0.000001656,"Shift-IR
0x11 (5)
0x11 (5)"
"JTAG","v1frame",7.904964344,0.000000375,"Exit1-IR"
"JTAG","v1frame",7.90496475,0.00000025,"Update-IR"
"JTAG","v1frame",7.904965031,0.000000406,"Run-Test/Idle"
"JTAG","v1frame",7.904965469,0.000000219,"Select-DR-Scan"
"JTAG","v1frame",7.904965719,0.00000025,"Capture-DR"
"JTAG","v1frame",7.904966,0.000011438,"Shift-DR
0x05C00884022 (41)
0x00000000000 (41)"
"JTAG","v1frame",7.904977469,0.000000406,"Exit1-DR"
"JTAG","v1frame",7.904977906,0.000000219,"Update-DR"
"JTAG","v1frame",7.904978156,0.0002475,"Run-Test/Idle"
"JTAG","v1frame",7.905225687,0.00000025,"Select-DR-Scan"
"JTAG","v1frame",7.905225969,0.000000219,"Select-IR-Scan"
"JTAG","v1frame",7.905226219,0.00000025,"Capture-IR"
"JTAG","v1frame",7.9052265,0.000001625,"Shift-IR
0x11 (5)
0x11 (5)"
"JTAG","v1frame",7.905228156,0.000000406,"Exit1-IR"
"JTAG","v1frame",7.905228594,0.00000025,"Update-IR"
"JTAG","v1frame",7.905228875,0.000000375,"Run-Test/Idle"
"JTAG","v1frame",7.905229281,0.00000025,"Select-DR-Scan"
"JTAG","v1frame",7.905229562,0.000000219,"Capture-DR"
"JTAG","v1frame",7.905229813,0.000011438,"Shift-DR
0x05800000001 (41)
0x05C00884020 (41)"
"JTAG","v1frame",7.905241281,0.000000406,"Exit1-DR"
"JTAG","v1frame",7.905241719,0.00000025,"Update-DR"
"JTAG","v1frame",7.905242,0.000223625,"Run-Test/Idle"
"JTAG","v1frame",7.905465656,0.00000025,"Select-DR-Scan"
"JTAG","v1frame",7.905465937,0.000000219,"Capture-DR"
"JTAG","v1frame",7.905466188,0.000011437,"Shift-DR
0x05800000000 (41)
0x05808000010 (41)"
"JTAG","v1frame",7.905477656,0.000000406,"Exit1-DR"
"JTAG","v1frame",7.905478094,0.000000219,"Update-DR"
"JTAG","v1frame",7.905478344,0.000163125,"Run-Test/Idle"
"JTAG","v1frame",7.9056415,0.000000219,"Select-DR-Scan"
"JTAG","v1frame",7.90564175,0.00000025,"Select-IR-Scan"
"JTAG","v1frame",7.905642031,0.000000219,"Capture-IR"
"JTAG","v1frame",7.905642281,0.000001656,"Shift-IR
0x11 (5)
0x11 (5)"
"JTAG","v1frame",7.905643969,0.000000375,"Exit1-IR"
"JTAG","v1frame",7.905644375,0.00000025,"Update-IR"
"JTAG","v1frame",7.905644656,0.000000406,"Run-Test/Idle"
"JTAG","v1frame",7.905645094,0.000000219,"Select-DR-Scan"
"JTAG","v1frame",7.905645344,0.00000025,"Capture-DR"
"JTAG","v1frame",7.905645625,0.000011438,"Shift-DR
0x01000000001 (41)
0x00000000000 (41)"
"JTAG","v1frame",7.905657094,0.000000406,"Exit1-DR"
"JTAG","v1frame",7.905657531,0.000000219,"Update-DR"
"JTAG","v1frame",7.905657781,0.000146219,"Run-Test/Idle"
"JTAG","v1frame",7.905804031,0.00000025,"Select-DR-Scan"
"JTAG","v1frame",7.905804313,0.000000219,"Capture-DR"
"JTAG","v1frame",7.905804563,0.000011437,"Shift-DR
0x01000000000 (41)
0x01080500000 (41)"
"JTAG","v1frame",7.905816031,0.000000406,"Exit1-DR"
"JTAG","v1frame",7.905816469,0.000000219,"Update-DR"
"JTAG","v1frame",7.905816719,0.000178656,"Run-Test/Idle"
"JTAG","v1frame",7.905995406,0.00000025,"Select-DR-Scan"
"JTAG","v1frame",7.905995687,0.000000219,"Select-IR-Scan"
"JTAG","v1frame",7.905995938,0.00000025,"Capture-IR"
"JTAG","v1frame",7.905996219,0.000001625,"Shift-IR
0x11 (5)
0x11 (5)"
"JTAG","v1frame",7.905997875,0.000000406,"Exit1-IR"
"JTAG","v1frame",7.905998313,0.00000025,"Update-IR"
"JTAG","v1frame",7.905998594,0.000000375,"Run-Test/Idle"
"JTAG","v1frame",7.905999,0.00000025,"Select-DR-Scan"
"JTAG","v1frame",7.905999281,0.00000025,"Capture-DR"
"JTAG","v1frame",7.905999562,0.000011406,"Shift-DR
0x05C00884026 (41)
0x00000000000 (41)"
"JTAG","v1frame",7.906011,0.000000406,"Exit1-DR"
"JTAG","v1frame",7.906011438,0.00000025,"Update-DR"
"JTAG","v1frame",7.906011719,0.000218219,"Run-Test/Idle"
"JTAG","v1frame",7.906229969,0.00000025,"Select-DR-Scan"
"JTAG","v1frame",7.90623025,0.000000219,"Select-IR-Scan"
"JTAG","v1frame",7.9062305,0.00000025,"Capture-IR"
"JTAG","v1frame",7.906230781,0.000001625,"Shift-IR
0x11 (5)
0x11 (5)"
"JTAG","v1frame",7.906232437,0.000000406,"Exit1-IR"
"JTAG","v1frame",7.906232875,0.00000025,"Update-IR"
"JTAG","v1frame",7.906233156,0.000000406,"Run-Test/Idle"
"JTAG","v1frame",7.906233594,0.000000219,"Select-DR-Scan"
"JTAG","v1frame",7.906233844,0.00000025,"Capture-DR"
"JTAG","v1frame",7.906234125,0.000011437,"Shift-DR
0x05800000001 (41)
0x05C00884024 (41)"
"JTAG","v1frame",7.906245594,0.000000375,"Exit1-DR"
"JTAG","v1frame",7.906246,0.00000025,"Update-DR"
"JTAG","v1frame",7.906246281,0.000141938,"Run-Test/Idle"
"JTAG","v1frame",7.90638825,0.00000025,"Select-DR-Scan"
"JTAG","v1frame",7.906388531,0.000000219,"Capture-DR"
"JTAG","v1frame",7.906388781,0.000011437,"Shift-DR
0x05800000000 (41)
0x05808000010 (41)"
"JTAG","v1frame",7.90640025,0.000000406,"Exit1-DR"
"JTAG","v1frame",7.906400687,0.00000025,"Update-DR"
"JTAG","v1frame",7.906400969,0.000156469,"Run-Test/Idle"
"JTAG","v1frame",7.906557469,0.00000025,"Select-DR-Scan"
"JTAG","v1frame",7.90655775,0.000000219,"Select-IR-Scan"
"JTAG","v1frame",7.906558,0.00000025,"Capture-IR"
"JTAG","v1frame",7.906558281,0.000001625,"Shift-IR
0x11 (5)
0x11 (5)"
"JTAG","v1frame",7.906559937,0.000000406,"Exit1-IR"
"JTAG","v1frame",7.906560375,0.000000219,"Update-IR"
"JTAG","v1frame",7.906560625,0.000000406,"Run-Test/Idle"
"JTAG","v1frame",7.906561062,0.00000025,"Select-DR-Scan"
"JTAG","v1frame",7.906561344,0.000000219,"Capture-DR"
"JTAG","v1frame",7.906561594,0.000011437,"Shift-DR
0x01000000001 (41)
0x00000000000 (41)"
"JTAG","v1frame",7.906573062,0.000000406,"Exit1-DR"
"JTAG","v1frame",7.9065735,0.00000025,"Update-DR"
"JTAG","v1frame",7.906573781,0.000169781,"Run-Test/Idle"
"JTAG","v1frame",7.906743594,0.000000219,"Select-DR-Scan"
"JTAG","v1frame",7.906743844,0.00000025,"Capture-DR"
"JTAG","v1frame",7.906744125,0.000011437,"Shift-DR
0x01000000000 (41)
0x01024242424 (41)"
"JTAG","v1frame",7.906755594,0.000000406,"Exit1-DR"
"JTAG","v1frame",7.906756031,0.000000219,"Update-DR"
"JTAG","v1frame",7.906756281,0.000178875,"Run-Test/Idle"
"JTAG","v1frame",7.906935188,0.000000219,"Select-DR-Scan"
"JTAG","v1frame",7.906935437,0.00000025,"Select-IR-Scan"
"JTAG","v1frame",7.906935719,0.00000025,"Capture-IR"
"JTAG","v1frame",7.906936,0.000001625,"Shift-IR
0x11 (5)
0x11 (5)"
"JTAG","v1frame",7.906937656,0.000000406,"Exit1-IR"
"JTAG","v1frame",7.906938094,0.000000219,"Update-IR"
"JTAG","v1frame",7.906938344,0.000000406,"Run-Test/Idle"
"JTAG","v1frame",7.906938781,0.00000025,"Select-DR-Scan"
"JTAG","v1frame",7.906939063,0.000000219,"Capture-DR"
"JTAG","v1frame",7.906939312,0.000011438,"Shift-DR
0x05C00880C06 (41)
0x00000000000 (41)"
"JTAG","v1frame",7.906950781,0.000000406,"Exit1-DR"
"JTAG","v1frame",7.906951219,0.00000025,"Update-DR"
"JTAG","v1frame",7.9069515,0.000205906,"Run-Test/Idle"
"JTAG","v1frame",7.907157438,0.000000219,"Select-DR-Scan"
"JTAG","v1frame",7.907157687,0.00000025,"Select-IR-Scan"
"JTAG","v1frame",7.907157969,0.000000219,"Capture-IR"
"JTAG","v1frame",7.907158219,0.000001656,"Shift-IR
0x11 (5)
0x11 (5)"
"JTAG","v1frame",7.907159906,0.000000406,"Exit1-IR"
"JTAG","v1frame",7.907160344,0.000000219,"Update-IR"
"JTAG","v1frame",7.907160594,0.000000406,"Run-Test/Idle"
"JTAG","v1frame",7.907161031,0.00000025,"Select-DR-Scan"
"JTAG","v1frame",7.907161313,0.000000219,"Capture-DR"
"JTAG","v1frame",7.907161562,0.000011438,"Shift-DR
0x05800000001 (41)
0x05C00880C04 (41)"
"JTAG","v1frame",7.907173031,0.000000406,"Exit1-DR"
"JTAG","v1frame",7.907173469,0.000000219,"Update-DR"
"JTAG","v1frame",7.907173719,0.0001415,"Run-Test/Idle"
"JTAG","v1frame",7.90731525,0.00000025,"Select-DR-Scan"
"JTAG","v1frame",7.907315531,0.000000219,"Capture-DR"
"JTAG","v1frame",7.907315781,0.000011437,"Shift-DR
0x05800000000 (41)
0x05808000010 (41)"
"JTAG","v1frame",7.90732725,0.000000406,"Exit1-DR"
"JTAG","v1frame",7.907327687,0.00000025,"Update-DR"
"JTAG","v1frame",7.907327969,0.000153656,"Run-Test/Idle"
"JTAG","v1frame",7.907481656,0.000000219,"Select-DR-Scan"
"JTAG","v1frame",7.907481906,0.00000025,"Select-IR-Scan"
"JTAG","v1frame",7.907482188,0.000000219,"Capture-IR"
"JTAG","v1frame",7.907482437,0.000001656,"Shift-IR
0x11 (5)
0x11 (5)"
"JTAG","v1frame",7.907484125,0.000000375,"Exit1-IR"
"JTAG","v1frame",7.907484531,0.00000025,"Update-IR"
"JTAG","v1frame",7.907484812,0.000000406,"Run-Test/Idle"
"JTAG","v1frame",7.90748525,0.000000219,"Select-DR-Scan"
"JTAG","v1frame",7.9074855,0.00000025,"Capture-DR"
"JTAG","v1frame",7.907485781,0.000011437,"Shift-DR
0x01000000001 (41)
0x00000000000 (41)"
"JTAG","v1frame",7.90749725,0.000000406,"Exit1-DR"
"JTAG","v1frame",7.907497688,0.000000219,"Update-DR"
"JTAG","v1frame",7.907497937,0.000142594,"Run-Test/Idle"
"JTAG","v1frame",7.907640563,0.000000219,"Select-DR-Scan"
"JTAG","v1frame",7.907640813,0.00000025,"Capture-DR"
"JTAG","v1frame",7.907641094,0.000011438,"Shift-DR
0x01000000000 (41)
0x0110242449C (41)"
"JTAG","v1frame",7.907652563,0.000000406,"Exit1-DR"
"JTAG","v1frame",7.907653,0.000000219,"Update-DR"
"JTAG","v1frame",7.90765325,0.000735,"Run-Test/Idle"
"JTAG","v1frame",7.908388281,0.000000219,"Select-DR-Scan"
"JTAG","v1frame",7.908388531,0.00000025,"Select-IR-Scan"
"JTAG","v1frame",7.908388813,0.00000025,"Capture-IR"
"JTAG","v1frame",7.908389094,0.000001625,"Shift-IR
0x11 (5)
0x11 (5)"
"JTAG","v1frame",7.90839075,0.000000406,"Exit1-IR"
"JTAG","v1frame",7.908391188,0.000000219,"Update-IR"
"JTAG","v1frame",7.908391437,0.000000406,"Run-Test/Idle"
"JTAG","v1frame",7.908391875,0.00000025,"Select-DR-Scan"
"JTAG","v1frame",7.908392156,0.000000219,"Capture-DR"
"JTAG","v1frame",7.908392406,0.000011438,"Shift-DR
0x01080500002 (41)
0x00000000000 (41)"
"JTAG","v1frame",7.908403875,0.000000406,"Exit1-DR"
"JTAG","v1frame",7.908404313,0.00000025,"Update-DR"
"JTAG","v1frame",7.908404594,0.000223562,"Run-Test/Idle"
"JTAG","v1frame",7.908628187,0.00000025,"Select-DR-Scan"
"JTAG","v1frame",7.908628469,0.000000219,"Capture-DR"
"JTAG","v1frame",7.908628719,0.000011437,"Shift-DR
0x01000000000 (41)
0x01080500000 (41)"
"JTAG","v1frame",7.908640187,0.000000406,"Exit1-DR"
"JTAG","v1frame",7.908640625,0.00000025,"Update-DR"
"JTAG","v1frame",7.908640906,0.000212062,"Run-Test/Idle"
"JTAG","v1frame",7.908853,0.000000219,"Select-DR-Scan"
"JTAG","v1frame",7.90885325,0.00000025,"Select-IR-Scan"
"JTAG","v1frame",7.908853531,0.000000219,"Capture-IR"
"JTAG","v1frame",7.908853781,0.000001656,"Shift-IR
0x11 (5)
0x11 (5)"
"JTAG","v1frame",7.908855469,0.000000375,"Exit1-IR"
"JTAG","v1frame",7.908855875,0.00000025,"Update-IR"
"JTAG","v1frame",7.908856156,0.000000406,"Run-Test/Idle"
"JTAG","v1frame",7.908856594,0.000000219,"Select-DR-Scan"
"JTAG","v1frame",7.908856844,0.00000025,"Capture-DR"
"JTAG","v1frame",7.908857125,0.000011438,"Shift-DR
0x05C008C4022 (41)
0x00000000000 (41)"
"JTAG","v1frame",7.908868594,0.000000406,"Exit1-DR"
"JTAG","v1frame",7.908869031,0.000000219,"Update-DR"
"JTAG","v1frame",7.908869281,0.000154219,"Run-Test/Idle"
"JTAG","v1frame",7.909023531,0.00000025,"Select-DR-Scan"
"JTAG","v1frame",7.909023813,0.000000219,"Select-IR-Scan"
"JTAG","v1frame",7.909024063,0.00000025,"Capture-IR"
"JTAG","v1frame",7.909024344,0.000001625,"Shift-IR
0x11 (5)
0x11 (5)"
"JTAG","v1frame",7.909026,0.000000406,"Exit1-IR"
"JTAG","v1frame",7.909026437,0.00000025,"Update-IR"
"JTAG","v1frame",7.909026719,0.000000375,"Run-Test/Idle"
"JTAG","v1frame",7.909027125,0.00000025,"Select-DR-Scan"
"JTAG","v1frame",7.909027406,0.000000219,"Capture-DR"
"JTAG","v1frame",7.909027656,0.000011437,"Shift-DR
0x05800000001 (41)
0x05C008C4020 (41)"
"JTAG","v1frame",7.909039125,0.000000406,"Exit1-DR"
"JTAG","v1frame",7.909039563,0.00000025,"Update-DR"
"JTAG","v1frame",7.909039844,0.000181781,"Run-Test/Idle"
"JTAG","v1frame",7.909221656,0.00000025,"Select-DR-Scan"
"JTAG","v1frame",7.909221937,0.000000219,"Capture-DR"
"JTAG","v1frame",7.909222188,0.000011437,"Shift-DR
0x05800000000 (41)
0x05808000010 (41)"
"JTAG","v1frame",7.909233656,0.000000406,"Exit1-DR"
"JTAG","v1frame",7.909234094,0.00000025,"Update-DR"
"JTAG","v1frame",7.909234375,0.00016025,"Run-Test/Idle"
"JTAG","v1frame",7.909394656,0.000000219,"Select-DR-Scan"
"JTAG","v1frame",7.909394906,0.00000025,"Select-IR-Scan"
"JTAG","v1frame",7.909395188,0.000000219,"Capture-IR"
"JTAG","v1frame",7.909395437,0.000001656,"Shift-IR
0x11 (5)
0x11 (5)"
"JTAG","v1frame",7.909397125,0.000000406,"Exit1-IR"
"JTAG","v1frame",7.909397562,0.000000219,"Update-IR"
"JTAG","v1frame",7.909397812,0.000000406,"Run-Test/Idle"
"JTAG","v1frame",7.90939825,0.000000219,"Select-DR-Scan"
"JTAG","v1frame",7.9093985,0.00000025,"Capture-DR"
"JTAG","v1frame",7.909398781,0.000011437,"Shift-DR
0x01024242426 (41)
0x00000000000 (41)"
"JTAG","v1frame",7.90941025,0.000000406,"Exit1-DR"
"JTAG","v1frame",7.909410688,0.000000219,"Update-DR"
"JTAG","v1frame",7.909410937,0.000142469,"Run-Test/Idle"
"JTAG","v1frame",7.909553437,0.000000219,"Select-DR-Scan"
"JTAG","v1frame",7.909553687,0.00000025,"Capture-DR"
"JTAG","v1frame",7.909553969,0.000011437,"Shift-DR
0x01000000000 (41)
0x01024242424 (41)"
"JTAG","v1frame",7.909565438,0.000000406,"Exit1-DR"
"JTAG","v1frame",7.909565875,0.000000219,"Update-DR"
"JTAG","v1frame",7.909566125,0.000150844,"Run-Test/Idle"
"JTAG","v1frame",7.909717,0.00000025,"Select-DR-Scan"
"JTAG","v1frame",7.909717281,0.000000219,"Select-IR-Scan"
"JTAG","v1frame",7.909717531,0.00000025,"Capture-IR"
"JTAG","v1frame",7.909717813,0.000001625,"Shift-IR
0x11 (5)
0x11 (5)"
"JTAG","v1frame",7.909719469,0.000000406,"Exit1-IR"
"JTAG","v1frame",7.909719906,0.00000025,"Update-IR"
"JTAG","v1frame",7.909720187,0.000000406,"Run-Test/Idle"
"JTAG","v1frame",7.909720625,0.000000219,"Select-DR-Scan"
"JTAG","v1frame",7.909720875,0.00000025,"Capture-DR"
"JTAG","v1frame",7.909721156,0.000011438,"Shift-DR
0x05C008C4026 (41)
0x00000000000 (41)"
"JTAG","v1frame",7.909732625,0.000000375,"Exit1-DR"
"JTAG","v1frame",7.909733031,0.00000025,"Update-DR"
"JTAG","v1frame",7.909733313,0.000154937,"Run-Test/Idle"
"JTAG","v1frame",7.909888281,0.00000025,"Select-DR-Scan"
"JTAG","v1frame",7.909888562,0.000000219,"Select-IR-Scan"
"JTAG","v1frame",7.909888813,0.00000025,"Capture-IR"
"JTAG","v1frame",7.909889094,0.000001625,"Shift-IR
0x11 (5)
0x11 (5)"
"JTAG","v1frame",7.90989075,0.000000406,"Exit1-IR"
"JTAG","v1frame",7.909891188,0.00000025,"Update-IR"
"JTAG","v1frame",7.909891469,0.000000406,"Run-Test/Idle"
"JTAG","v1frame",7.909891906,0.000000219,"Select-DR-Scan"
"JTAG","v1frame",7.909892156,0.00000025,"Capture-DR"
"JTAG","v1frame",7.909892437,0.000011438,"Shift-DR
0x05800000001 (41)
0x05C008C4024 (41)"
"JTAG","v1frame",7.909903906,0.000000375,"Exit1-DR"
"JTAG","v1frame",7.909904313,0.00000025,"Update-DR"
"JTAG","v1frame",7.909904594,0.00021375,"Run-Test/Idle"
"JTAG","v1frame",7.910118375,0.000000219,"Select-DR-Scan"
"JTAG","v1frame",7.910118625,0.00000025,"Capture-DR"
"JTAG","v1frame",7.910118906,0.000011438,"Shift-DR
0x05800000000 (41)
0x05808000010 (41)"
"JTAG","v1frame",7.910130375,0.000000406,"Exit1-DR"
"JTAG","v1frame",7.910130813,0.000000219,"Update-DR"
"JTAG","v1frame",7.910131062,0.000184094,"Run-Test/Idle"
"JTAG","v1frame",7.910315188,0.000000219,"Select-DR-Scan"
"JTAG","v1frame",7.910315438,0.00000025,"Select-IR-Scan"
"JTAG","v1frame",7.910315719,0.00000025,"Capture-IR"
"JTAG","v1frame",7.910316,0.000001625,"Shift-IR
0x11 (5)
0x11 (5)"
"JTAG","v1frame",7.910317656,0.000000406,"Exit1-IR"
"JTAG","v1frame",7.910318094,0.000000219,"Update-IR"
"JTAG","v1frame",7.910318344,0.000000406,"Run-Test/Idle"
"JTAG","v1frame",7.910318781,0.00000025,"Select-DR-Scan"
"JTAG","v1frame",7.910319063,0.000000219,"Capture-DR"
"JTAG","v1frame",7.910319313,0.000011437,"Shift-DR
0x04400000001 (41)
0x00000000000 (41)"
"JTAG","v1frame",7.910330781,0.000000406,"Exit1-DR"
"JTAG","v1frame",7.910331219,0.00000025,"Update-DR"
"JTAG","v1frame",7.9103315,0.000165406,"Run-Test/Idle"
"JTAG","v1frame",7.910496938,0.000000219,"Select-DR-Scan"
"JTAG","v1frame",7.910497187,0.00000025,"Capture-DR"
"JTAG","v1frame",7.910497469,0.000011437,"Shift-DR
0x04400000000 (41)
0x04401000E88 (41)"
"JTAG","v1frame",7.910508938,0.000000406,"Exit1-DR"
"JTAG","v1frame",7.910509375,0.000000219,"Update-DR"
"JTAG","v1frame",7.910509625,0.00017825,"Run-Test/Idle"
"JTAG","v1frame",7.910687906,0.00000025,"Select-DR-Scan"
"JTAG","v1frame",7.910688187,0.000000219,"Select-IR-Scan"
"JTAG","v1frame",7.910688438,0.00000025,"Capture-IR"
"JTAG","v1frame",7.910688719,0.000001625,"Shift-IR
0x11 (5)
0x11 (5)"
"JTAG","v1frame",7.910690375,0.000000406,"Exit1-IR"
"JTAG","v1frame",7.910690813,0.00000025,"Update-IR"
"JTAG","v1frame",7.910691094,0.000000375,"Run-Test/Idle"
"JTAG","v1frame",7.9106915,0.00000025,"Select-DR-Scan"
"JTAG","v1frame",7.910691781,0.000000219,"Capture-DR"
"JTAG","v1frame",7.910692031,0.000011438,"Shift-DR
0x04100000006 (41)
0x00000000000 (41)"
"JTAG","v1frame",7.9107035,0.000000406,"Exit1-DR"
"JTAG","v1frame",7.910703938,0.00000025,"Update-DR"
"JTAG","v1frame",7.910704219,0.000227906,"Run-Test/Idle"
"JTAG","v1frame",7.910932156,0.000000219,"Select-DR-Scan"
"JTAG","v1frame",7.910932406,0.00000025,"Capture-DR"
"JTAG","v1frame",7.910932687,0.000011438,"Shift-DR
0x04000000000 (41)
0x04100000004 (41)"
"JTAG","v1frame",7.910944156,0.000000375,"Exit1-DR"
"JTAG","v1frame",7.910944563,0.00000025,"Update-DR"
"JTAG","v1frame",7.910944844,0.000291062,"Run-Test/Idle"
"JTAG","v1frame",7.911235937,0.000000219,"Select-DR-Scan"
"JTAG","v1frame",7.911236188,0.00000025,"Select-IR-Scan"
"JTAG","v1frame",7.911236469,0.000000219,"Capture-IR"
"JTAG","v1frame",7.911236719,0.000001625,"Shift-IR
0x11 (5)
0x11 (5)"
"JTAG","v1frame",7.911238375,0.000000406,"Exit1-IR"
"JTAG","v1frame",7.911238812,0.00000025,"Update-IR"
"JTAG","v1frame",7.911239094,0.000000406,"Run-Test/Idle"
"JTAG","v1frame",7.911239531,0.000000219,"Select-DR-Scan"
"JTAG","v1frame",7.911239781,0.00000025,"Capture-DR"
"JTAG","v1frame",7.911240063,0.000011437,"Shift-DR
0x04400000001 (41)
0x00000000000 (41)"
"JTAG","v1frame",7.911251531,0.000000406,"Exit1-DR"
"JTAG","v1frame",7.911251969,0.000000219,"Update-DR"
"JTAG","v1frame",7.911252219,0.000134219,"Run-Test/Idle"
"JTAG","v1frame",7.911386469,0.000000219,"Select-DR-Scan"
"JTAG","v1frame",7.911386719,0.00000025,"Capture-DR"
"JTAG","v1frame",7.911387,0.000011437,"Shift-DR
0x04400000000 (41)
0x044010C3288 (41)"
"JTAG","v1frame",7.911398469,0.000000375,"Exit1-DR"
"JTAG","v1frame",7.911398875,0.00000025,"Update-DR"
"JTAG","v1frame",7.911399156,0.000126156,"Run-Test/Idle"
"JTAG","v1frame",7.911525344,0.00000025,"Select-DR-Scan"
"JTAG","v1frame",7.911525625,0.000000219,"Select-IR-Scan"
"JTAG","v1frame",7.911525875,0.00000025,"Capture-IR"
"JTAG","v1frame",7.911526156,0.000001625,"Shift-IR
0x11 (5)
0x11 (5)"
"JTAG","v1frame",7.911527813,0.000000406,"Exit1-IR"
"JTAG","v1frame",7.91152825,0.00000025,"Update-IR"
"JTAG","v1frame",7.911528531,0.000000375,"Run-Test/Idle"
"JTAG","v1frame",7.911528937,0.00000025,"Select-DR-Scan"
"JTAG","v1frame",7.911529219,0.00000025,"Capture-DR"
"JTAG","v1frame",7.9115295,0.000011406,"Shift-DR
0x04000000006 (41)
0x00000000000 (41)"
"JTAG","v1frame",7.911540937,0.000000406,"Exit1-DR"
"JTAG","v1frame",7.911541375,0.00000025,"Update-DR"
"JTAG","v1frame",7.911541656,0.000110719,"Run-Test/Idle"
"JTAG","v1frame",7.911652406,0.00000025,"Select-DR-Scan"
"JTAG","v1frame",7.911652688,0.000000219,"Capture-DR"
"JTAG","v1frame",7.911652938,0.000011438,"Shift-DR
0x04000000000 (41)
0x04000000004 (41)"
"JTAG","v1frame",7.911664406,0.000000406,"Exit1-DR"
"JTAG","v1frame",7.911664844,0.00000025,"Update-DR"
"JTAG","v1frame",7.911665125,0.007026844,"Run-Test/Idle"
"JTAG","v1frame",7.918692,0.000000219,"Select-DR-Scan"
"JTAG","v1frame",7.91869225,0.00000025,"Select-IR-Scan"
"JTAG","v1frame",7.918692531,0.000000219,"Capture-IR"
"JTAG","v1frame",7.918692781,0.000001656,"Shift-IR
0x11 (5)
0x11 (5)"
"JTAG","v1frame",7.918694469,0.000000406,"Exit1-IR"
"JTAG","v1frame",7.918694906,0.000000219,"Update-IR"
"JTAG","v1frame",7.918695156,0.000000406,"Run-Test/Idle"
"JTAG","v1frame",7.918695594,0.00000025,"Select-DR-Scan"
"JTAG","v1frame",7.918695875,0.000000219,"Capture-DR"
"JTAG","v1frame",7.918696125,0.000011437,"Shift-DR
0x04400000001 (41)
0x00000000000 (41)"
"JTAG","v1frame",7.918707594,0.000000406,"Exit1-DR"
"JTAG","v1frame",7.918708031,0.000000219,"Update-DR"
"JTAG","v1frame",7.918708281,0.000149406,"Run-Test/Idle"
"JTAG","v1frame",7.918857719,0.000000219,"Select-DR-Scan"
"JTAG","v1frame",7.918857969,0.00000025,"Capture-DR"
"JTAG","v1frame",7.91885825,0.000011437,"Shift-DR
0x04400000000 (41)
0x044010C3288 (41)"
"JTAG","v1frame",7.918869719,0.000000406,"Exit1-DR"
"JTAG","v1frame",7.918870156,0.000000219,"Update-DR"
"JTAG","v1frame",7.918870406,0.000200219,"Run-Test/Idle"
"JTAG","v1frame",7.919070656,0.000000219,"Select-DR-Scan"
"JTAG","v1frame",7.919070906,0.00000025,"Select-IR-Scan"
"JTAG","v1frame",7.919071188,0.000000219,"Capture-IR"
"JTAG","v1frame",7.919071438,0.000001625,"Shift-IR
0x11 (5)
0x11 (5)"
"JTAG","v1frame",7.919073094,0.000000406,"Exit1-IR"
"JTAG","v1frame",7.919073531,0.00000025,"Update-IR"
"JTAG","v1frame",7.919073812,0.000000406,"Run-Test/Idle"
"JTAG","v1frame",7.91907425,0.000000219,"Select-DR-Scan"
"JTAG","v1frame",7.9190745,0.00000025,"Capture-DR"
"JTAG","v1frame",7.919074781,0.000011438,"Shift-DR
0x04400000001 (41)
0x00000000000 (41)"
"JTAG","v1frame",7.91908625,0.000000406,"Exit1-DR"
"JTAG","v1frame",7.919086688,0.000000219,"Update-DR"
"JTAG","v1frame",7.919086938,0.000116594,"Run-Test/Idle"
"JTAG","v1frame",7.919203562,0.000000219,"Select-DR-Scan"
"JTAG","v1frame",7.919203813,0.00000025,"Capture-DR"
"JTAG","v1frame",7.919204094,0.000011437,"Shift-DR
0x04400000000 (41)
0x044010C3288 (41)"
"JTAG","v1frame",7.919215562,0.000000406,"Exit1-DR"
"JTAG","v1frame",7.919216,0.000000219,"Update-DR"
"JTAG","v1frame",7.91921625,0.000216875,"Run-Test/Idle"
"JTAG","v1frame",7.919433156,0.000000219,"Select-DR-Scan"
"JTAG","v1frame",7.919433406,0.00000025,"Select-IR-Scan"
"JTAG","v1frame",7.919433687,0.000000219,"Capture-IR"
"JTAG","v1frame",7.919433938,0.000001656,"Shift-IR
0x11 (5)
0x11 (5)"
"JTAG","v1frame",7.919435625,0.000000406,"Exit1-IR"
"JTAG","v1frame",7.919436062,0.000000219,"Update-IR"
"JTAG","v1frame",7.919436313,0.000000406,"Run-Test/Idle"
"JTAG","v1frame",7.91943675,0.00000025,"Select-DR-Scan"
"JTAG","v1frame",7.919437031,0.000000219,"Capture-DR"
"JTAG","v1frame",7.919437281,0.000011438,"Shift-DR
0x04400000001 (41)
0x00000000000 (41)"
"JTAG","v1frame",7.91944875,0.000000406,"Exit1-DR"
"JTAG","v1frame",7.919449187,0.000000219,"Update-DR"
"JTAG","v1frame",7.919449437,0.00017975,"Run-Test/Idle"
"JTAG","v1frame",7.919629219,0.000000219,"Select-DR-Scan"
"JTAG","v1frame",7.919629469,0.00000025,"Capture-DR"
"JTAG","v1frame",7.91962975,0.000011438,"Shift-DR
0x04400000000 (41)
0x044010C3288 (41)"
"JTAG","v1frame",7.919641219,0.000000406,"Exit1-DR"
"JTAG","v1frame",7.919641656,0.000000219,"Update-DR"
"JTAG","v1frame",7.919641906,0.000204406,"Run-Test/Idle"
"JTAG","v1frame",7.919846344,0.00000025,"Select-DR-Scan"
"JTAG","v1frame",7.919846625,0.000000219,"Select-IR-Scan"
"JTAG","v1frame",7.919846875,0.00000025,"Capture-IR"
"JTAG","v1frame",7.919847156,0.000001625,"Shift-IR
0x11 (5)
0x11 (5)"
"JTAG","v1frame",7.919848812,0.000000406,"Exit1-IR"
"JTAG","v1frame",7.91984925,0.000000219,"Update-IR"
"JTAG","v1frame",7.9198495,0.000000406,"Run-Test/Idle"
"JTAG","v1frame",7.919849938,0.00000025,"Select-DR-Scan"
"JTAG","v1frame",7.919850219,0.000000219,"Capture-DR"
"JTAG","v1frame",7.919850469,0.000011438,"Shift-DR
0x04400000001 (41)
0x00000000000 (41)"
"JTAG","v1frame",7.919861938,0.000000406,"Exit1-DR"
"JTAG","v1frame",7.919862375,0.00000025,"Update-DR"
"JTAG","v1frame",7.919862656,0.000150531,"Run-Test/Idle"
"JTAG","v1frame",7.920013219,0.000000219,"Select-DR-Scan"
"JTAG","v1frame",7.920013469,0.00000025,"Capture-DR"
"JTAG","v1frame",7.92001375,0.000011438,"Shift-DR
0x04400000000 (41)
0x044010C3288 (41)"
"JTAG","v1frame",7.920025219,0.000000406,"Exit1-DR"
"JTAG","v1frame",7.920025656,0.000000219,"Update-DR"
"JTAG","v1frame",7.920025906,0.010493969,"Run-Test/Idle"
"JTAG","v1frame",7.930519906,0.000000219,"Select-DR-Scan"
"JTAG","v1frame",7.930520156,0.00000025,"Select-IR-Scan"
"JTAG","v1frame",7.930520438,0.000000219,"Capture-IR"
"JTAG","v1frame",7.930520687,0.000001625,"Shift-IR
0x11 (5)
0x11 (5)"
"JTAG","v1frame",7.930522344,0.000000406,"Exit1-IR"
"JTAG","v1frame",7.930522781,0.00000025,"Update-IR"
"JTAG","v1frame",7.930523062,0.000000406,"Run-Test/Idle"
"JTAG","v1frame",7.9305235,0.000000219,"Select-DR-Scan"
"JTAG","v1frame",7.93052375,0.00000025,"Capture-DR"
"JTAG","v1frame",7.930524031,0.000011437,"Shift-DR
0x04400000001 (41)
0x00000000000 (41)"
"JTAG","v1frame",7.9305355,0.000000406,"Exit1-DR"
"JTAG","v1frame",7.930535938,0.000000219,"Update-DR"
"JTAG","v1frame",7.930536187,0.000170656,"Run-Test/Idle"
"JTAG","v1frame",7.930706875,0.00000025,"Select-DR-Scan"
"JTAG","v1frame",7.930707156,0.00000025,"Capture-DR"
"JTAG","v1frame",7.930707437,0.000011406,"Shift-DR
0x04400000000 (41)
0x044010C3288 (41)"
"JTAG","v1frame",7.930718875,0.000000406,"Exit1-DR"
"JTAG","v1frame",7.930719312,0.00000025,"Update-DR"
"JTAG","v1frame",7.930719594,0.003417562,"Run-Test/Idle"
"JTAG","v1frame",7.934137188,0.00000025,"Select-DR-Scan"
"JTAG","v1frame",7.934137469,0.000000219,"Select-IR-Scan"
"JTAG","v1frame",7.934137719,0.00000025,"Capture-IR"
"JTAG","v1frame",7.934138,0.000001625,"Shift-IR
0x11 (5)
0x11 (5)"
"JTAG","v1frame",7.934139656,0.000000406,"Exit1-IR"
"JTAG","v1frame",7.934140094,0.000000219,"Update-IR"
"JTAG","v1frame",7.934140344,0.000000406,"Run-Test/Idle"
"JTAG","v1frame",7.934140781,0.00000025,"Select-DR-Scan"
"JTAG","v1frame",7.934141063,0.000000219,"Capture-DR"
"JTAG","v1frame",7.934141313,0.000011437,"Shift-DR
0x0E000140002 (41)
0x00000000000 (41)"
"JTAG","v1frame",7.934152781,0.000000406,"Exit1-DR"
"JTAG","v1frame",7.934153219,0.00000025,"Update-DR"
"JTAG","v1frame",7.9341535,0.000175906,"Run-Test/Idle"
"JTAG","v1frame",7.934329437,0.00000025,"Select-DR-Scan"
"JTAG","v1frame",7.934329719,0.00000025,"Capture-DR"
"JTAG","v1frame",7.93433,0.000011406,"Shift-DR
0x0E000000000 (41)
0x0E000140000 (41)"
"JTAG","v1frame",7.934341437,0.000000406,"Exit1-DR"
"JTAG","v1frame",7.934341875,0.00000025,"Update-DR"
"JTAG","v1frame",7.934342156,0.000181812,"Run-Test/Idle"
"JTAG","v1frame",7.934524,0.00000025,"Select-DR-Scan"
"JTAG","v1frame",7.934524281,0.000000219,"Select-IR-Scan"
"JTAG","v1frame",7.934524531,0.00000025,"Capture-IR"
"JTAG","v1frame",7.934524813,0.000001625,"Shift-IR
0x11 (5)
0x11 (5)"
"JTAG","v1frame",7.934526469,0.000000406,"Exit1-IR"
"JTAG","v1frame",7.934526906,0.000000219,"Update-IR"
"JTAG","v1frame",7.934527156,0.000000406,"Run-Test/Idle"
"JTAG","v1frame",7.934527594,0.00000025,"Select-DR-Scan"
"JTAG","v1frame",7.934527875,0.000000219,"Capture-DR"
"JTAG","v1frame",7.934528125,0.000011438,"Shift-DR
0x0E500338022 (41)
0x00000000000 (41)"
"JTAG","v1frame",7.934539594,0.000000406,"Exit1-DR"
"JTAG","v1frame",7.934540031,0.00000025,"Update-DR"
"JTAG","v1frame",7.934540313,0.000135219,"Run-Test/Idle"
"JTAG","v1frame",7.934675562,0.000000219,"Select-DR-Scan"
"JTAG","v1frame",7.934675813,0.00000025,"Capture-DR"
"JTAG","v1frame",7.934676094,0.000011437,"Shift-DR
0x0E400000000 (41)
0x0E500338020 (41)"
"JTAG","v1frame",7.934687562,0.000000375,"Exit1-DR"
"JTAG","v1frame",7.934687969,0.00000025,"Update-DR"
"JTAG","v1frame",7.93468825,0.000233187,"Run-Test/Idle"
"JTAG","v1frame",7.934921469,0.00000025,"Select-DR-Scan"
"JTAG","v1frame",7.93492175,0.000000219,"Capture-DR"
"JTAG","v1frame",7.934922,0.000011437,"Shift-DR
0x0F000000002 (41)
0x00000000000 (41)"
"JTAG","v1frame",7.934933469,0.000000406,"Exit1-DR"
"JTAG","v1frame",7.934933906,0.00000025,"Update-DR"
"JTAG","v1frame",7.934934187,0.000001625,"Run-Test/Idle"
"JTAG","v1frame",7.934935844,0.00000025,"Select-DR-Scan"
"JTAG","v1frame",7.934936125,0.000000219,"Capture-DR"
"JTAG","v1frame",7.934936375,0.000011437,"Shift-DR
0x00000000000 (41)
0x0F000000000 (41)"
"JTAG","v1frame",7.934947844,0.000000406,"Exit1-DR"
"JTAG","v1frame",7.934948281,0.000000219,"Update-DR"
"JTAG","v1frame",7.934948531,0.000177813,"Run-Test/Idle"
"JTAG","v1frame",7.935126375,0.00000025,"Select-DR-Scan"
"JTAG","v1frame",7.935126656,0.000000219,"Select-IR-Scan"
"JTAG","v1frame",7.935126906,0.00000025,"Capture-IR"
"JTAG","v1frame",7.935127188,0.000001625,"Shift-IR
0x11 (5)
0x11 (5)"
"JTAG","v1frame",7.935128844,0.000000406,"Exit1-IR"
"JTAG","v1frame",7.935129281,0.000000219,"Update-IR"
"JTAG","v1frame",7.935129531,0.000000406,"Run-Test/Idle"
"JTAG","v1frame",7.935129969,0.00000025,"Select-DR-Scan"
"JTAG","v1frame",7.93513025,0.000000219,"Capture-DR"
"JTAG","v1frame",7.9351305,0.000011438,"Shift-DR
0x0E000000001 (41)
0x00000000000 (41)"
"JTAG","v1frame",7.935141969,0.000000406,"Exit1-DR"
"JTAG","v1frame",7.935142406,0.00000025,"Update-DR"
"JTAG","v1frame",7.935142687,0.000140438,"Run-Test/Idle"
"JTAG","v1frame",7.935283156,0.00000025,"Select-DR-Scan"
"JTAG","v1frame",7.935283437,0.000000219,"Capture-DR"
"JTAG","v1frame",7.935283688,0.000011437,"Shift-DR
0x0E000000000 (41)
0x0E000000003 (41)"
"JTAG","v1frame",7.935295156,0.000000406,"Exit1-DR"
"JTAG","v1frame",7.935295594,0.000000219,"Update-DR"
"JTAG","v1frame",7.935295844,0.000174875,"Run-Test/Idle"
"JTAG","v1frame",7.93547075,0.00000025,"Select-DR-Scan"
"JTAG","v1frame",7.935471031,0.000000219,"Select-IR-Scan"
"JTAG","v1frame",7.935471281,0.00000025,"Capture-IR"
"JTAG","v1frame",7.935471563,0.000001625,"Shift-IR
0x10 (5)
0x11 (5)"
"JTAG","v1frame",7.935473219,0.000000406,"Exit1-IR"
"JTAG","v1frame",7.935473656,0.000000219,"Update-IR"
"JTAG","v1frame",7.935473906,0.000000406,"Run-Test/Idle"
"JTAG","v1frame",7.935474344,0.00000025,"Select-DR-Scan"
"JTAG","v1frame",7.935474625,0.000000219,"Capture-DR"
"JTAG","v1frame",7.935474875,0.000009156,"Shift-DR
0x00010000 (32)
0x00007C71 (32)"
"JTAG","v1frame",7.935484062,0.000000406,"Exit1-DR"
"JTAG","v1frame",7.9354845,0.000000219,"Update-DR"
"JTAG","v1frame",7.93548475,0.000000406,"Run-Test/Idle"
"JTAG","v1frame",7.935485188,0.000000219,"Select-DR-Scan"
"JTAG","v1frame",7.935485437,0.00000025,"Select-IR-Scan"
"JTAG","v1frame",7.935485719,0.00000025,"Capture-IR"
"JTAG","v1frame",7.935486,0.000001625,"Shift-IR
0x11 (5)
0x10 (5)"
"JTAG","v1frame",7.935487656,0.000000406,"Exit1-IR"
"JTAG","v1frame",7.935488094,0.000000219,"Update-IR"
"JTAG","v1frame",7.935488344,0.000151219,"Run-Test/Idle"
"JTAG","v1frame",7.935639594,0.000000219,"Select-DR-Scan"
"JTAG","v1frame",7.935639844,0.00000025,"Capture-DR"
"JTAG","v1frame",7.935640125,0.000011438,"Shift-DR
0x0E000000000 (41)
0x0E08014101C (41)"
"JTAG","v1frame",7.935651594,0.000000406,"Exit1-DR"
"JTAG","v1frame",7.935652031,0.000000219,"Update-DR"
"JTAG","v1frame",7.935652281,0.000188781,"Run-Test/Idle"
"JTAG","v1frame",7.935841094,0.000000219,"Select-DR-Scan"
"JTAG","v1frame",7.935841344,0.00000025,"Select-IR-Scan"
"JTAG","v1frame",7.935841625,0.000000219,"Capture-IR"
"JTAG","v1frame",7.935841875,0.000001656,"Shift-IR
0x11 (5)
0x11 (5)"
"JTAG","v1frame",7.935843562,0.000000375,"Exit1-IR"
"JTAG","v1frame",7.935843969,0.00000025,"Update-IR"
"JTAG","v1frame",7.93584425,0.000000406,"Run-Test/Idle"
"JTAG","v1frame",7.935844688,0.000000219,"Select-DR-Scan"
"JTAG","v1frame",7.935844937,0.00000025,"Capture-DR"
"JTAG","v1frame",7.935845219,0.000011438,"Shift-DR
0x0E400000001 (41)
0x00000000000 (41)"
"JTAG","v1frame",7.935856688,0.000000406,"Exit1-DR"
"JTAG","v1frame",7.935857125,0.000000219,"Update-DR"
"JTAG","v1frame",7.935857375,0.000158031,"Run-Test/Idle"
"JTAG","v1frame",7.936015438,0.000000219,"Select-DR-Scan"
"JTAG","v1frame",7.936015688,0.00000025,"Capture-DR"
"JTAG","v1frame",7.936015969,0.000011438,"Shift-DR
0x0E400000000 (41)
0x0E500338030 (41)"
"JTAG","v1frame",7.936027437,0.000000406,"Exit1-DR"
"JTAG","v1frame",7.936027875,0.000000219,"Update-DR"
"JTAG","v1frame",7.936028125,0.104993719,"Run-Test/Idle"
"JTAG","v1frame",8.041021875,0.00000025,"Select-DR-Scan"
"JTAG","v1frame",8.041022156,0.000000219,"Select-IR-Scan"
"JTAG","v1frame",8.041022406,0.000386562,"Test-Logic-Reset"
"JTAG","v1frame",8.041409,0.00000025,"Run-Test/Idle"
"JTAG","v1frame",8.041409281,0.000000219,"Select-DR-Scan"
"JTAG","v1frame",8.041409531,0.00000025,"Capture-DR"
"JTAG","v1frame",8.041409812,0.000182469,"Shift-DR
...0xFFFFFFFFFFFFFFFFFFFFFFFFFFFFFFFFFFFFFFFFFFFFFFFFFFFFFFFFFFFFFFFF (672)
...0xFFFFFFFFFFFFFFFFFFFFFFFFFFFFFFFFFFFFFFFFFFFFFFFFFFFFFFFF1030AA6D (672)"
"JTAG","v1frame",8.041592313,0.000000406,"Exit1-DR"
"JTAG","v1frame",8.04159275,0.000000406,"Pause-DR"
"JTAG","v1frame",8.041593188,0.000000219,"Exit2-DR"
"JTAG","v1frame",8.041593437,0.00000025,"Update-DR"
"JTAG","v1frame",8.041593719,0.000000219,"Select-DR-Scan"
"JTAG","v1frame",8.041593969,0.00000025,"Select-IR-Scan"
"JTAG","v1frame",8.04159425,0.010285344,"Test-Logic-Reset"
"JTAG","v1frame",8.051879625,0.00000025,"Run-Test/Idle"
"JTAG","v1frame",8.051879906,0.000000219,"Select-DR-Scan"
"JTAG","v1frame",8.051880156,0.00000025,"Select-IR-Scan"
"JTAG","v1frame",8.051880437,0.000000219,"Capture-IR"
"JTAG","v1frame",8.051880688,0.000002187,"Shift-IR
0x7F (7)
0x61 (7)"
"JTAG","v1frame",8.051882906,0.000000375,"Exit1-IR"
"JTAG","v1frame",8.051883312,0.00000025,"Update-IR"
"JTAG","v1frame",8.051883594,0.003636219,"Run-Test/Idle"
"JTAG","v1frame",8.055519844,0.000000219,"Select-DR-Scan"
"JTAG","v1frame",8.055520094,0.00000025,"Select-IR-Scan"
"JTAG","v1frame",8.055520375,0.000000219,"Capture-IR"
"JTAG","v1frame",8.055520625,0.000001656,"Shift-IR
0x11 (5)
0x1F (5)"
"JTAG","v1frame",8.055522313,0.000000406,"Exit1-IR"
"JTAG","v1frame",8.05552275,0.000000219,"Update-IR"
"JTAG","v1frame",8.055523,0.000000406,"Run-Test/Idle"
"JTAG","v1frame",8.055523437,0.00000025,"Select-DR-Scan"
"JTAG","v1frame",8.055523719,0.000000219,"Select-IR-Scan"
"JTAG","v1frame",8.055523969,0.00000025,"Capture-IR"
"JTAG","v1frame",8.05552425,0.000001625,"Shift-IR
0x11 (5)
0x11 (5)"
"JTAG","v1frame",8.055525906,0.000000406,"Exit1-IR"
"JTAG","v1frame",8.055526344,0.000000219,"Update-IR"
"JTAG","v1frame",8.055526594,0.000000406,"Run-Test/Idle"
"JTAG","v1frame",8.055527031,0.00000025,"Select-DR-Scan"
"JTAG","v1frame",8.055527313,0.000000219,"Capture-DR"
"JTAG","v1frame",8.055527563,0.000011437,"Shift-DR
0x0420000000E (41)
0x00000000000 (41)"
"JTAG","v1frame",8.055539031,0.000000406,"Exit1-DR"
"JTAG","v1frame",8.055539469,0.00000025,"Update-DR"
"JTAG","v1frame",8.05553975,0.000136562,"Run-Test/Idle"
"JTAG","v1frame",8.055676344,0.000000219,"Select-DR-Scan"
"JTAG","v1frame",8.055676594,0.00000025,"Capture-DR"
"JTAG","v1frame",8.055676875,0.000011438,"Shift-DR
0x04000000000 (41)
0x0420000000C (41)"
"JTAG","v1frame",8.055688344,0.000000406,"Exit1-DR"
"JTAG","v1frame",8.055688781,0.000000219,"Update-DR"
"JTAG","v1frame",8.055689031,0.000287938,"Run-Test/Idle"
"JTAG","v1frame",8.055977,0.00000025,"Select-DR-Scan"
"JTAG","v1frame",8.055977281,0.00000025,"Select-IR-Scan"
"JTAG","v1frame",8.055977563,0.000000219,"Capture-IR"
"JTAG","v1frame",8.055977813,0.000001625,"Shift-IR
0x11 (5)
0x11 (5)"
"JTAG","v1frame",8.055979469,0.000000406,"Exit1-IR"
"JTAG","v1frame",8.055979906,0.00000025,"Update-IR"
"JTAG","v1frame",8.055980187,0.000000406,"Run-Test/Idle"
"JTAG","v1frame",8.055980625,0.000000219,"Select-DR-Scan"
"JTAG","v1frame",8.055980875,0.00000025,"Select-IR-Scan"
"JTAG","v1frame",8.055981156,0.000000219,"Capture-IR"
"JTAG","v1frame",8.055981406,0.000001656,"Shift-IR
0x11 (5)
0x11 (5)"
"JTAG","v1frame",8.055983094,0.000000375,"Exit1-IR"
"JTAG","v1frame",8.0559835,0.00000025,"Update-IR"
"JTAG","v1frame",8.055983781,0.000000406,"Run-Test/Idle"
"JTAG","v1frame",8.055984219,0.000000219,"Select-DR-Scan"
"JTAG","v1frame",8.055984469,0.00000025,"Capture-DR"
"JTAG","v1frame",8.05598475,0.000011437,"Shift-DR
0x04200000006 (41)
0x00000000000 (41)"
"JTAG","v1frame",8.055996219,0.000000406,"Exit1-DR"
"JTAG","v1frame",8.055996656,0.000000219,"Update-DR"
"JTAG","v1frame",8.055996906,0.000264969,"Run-Test/Idle"
"JTAG","v1frame",8.056261906,0.00000025,"Select-DR-Scan"
"JTAG","v1frame",8.056262187,0.000000219,"Capture-DR"
"JTAG","v1frame",8.056262437,0.000011438,"Shift-DR
0x04000000000 (41)
0x04200000004 (41)"
"JTAG","v1frame",8.056273906,0.000000406,"Exit1-DR"
"JTAG","v1frame",8.056274344,0.00000025,"Update-DR"
"JTAG","v1frame",8.056274625,0.000186125,"Run-Test/Idle"
"JTAG","v1frame",8.056460781,0.000000219,"Select-DR-Scan"
"JTAG","v1frame",8.056461031,0.00000025,"Select-IR-Scan"
"JTAG","v1frame",8.056461312,0.000000219,"Capture-IR"
"JTAG","v1frame",8.056461562,0.000001656,"Shift-IR
0x11 (5)
0x11 (5)"
"JTAG","v1frame",8.05646325,0.000000406,"Exit1-IR"
"JTAG","v1frame",8.056463688,0.000000219,"Update-IR"
"JTAG","v1frame",8.056463938,0.000000406,"Run-Test/Idle"
"JTAG","v1frame",8.056464375,0.00000025,"Select-DR-Scan"
"JTAG","v1frame",8.056464656,0.000000219,"Capture-DR"
"JTAG","v1frame",8.056464906,0.000011438,"Shift-DR
0x04400000001 (41)
0x00000000000 (41)"
"JTAG","v1frame",8.056476375,0.000000406,"Exit1-DR"
"JTAG","v1frame",8.056476812,0.000000219,"Update-DR"
"JTAG","v1frame",8.056477063,0.000153562,"Run-Test/Idle"
"JTAG","v1frame",8.056630656,0.00000025,"Select-DR-Scan"
"JTAG","v1frame",8.056630937,0.000000219,"Capture-DR"
"JTAG","v1frame",8.056631188,0.000011437,"Shift-DR
0x04400000000 (41)
0x044013C0E88 (41)"
"JTAG","v1frame",8.056642656,0.000000406,"Exit1-DR"
"JTAG","v1frame",8.056643094,0.000000219,"Update-DR"
"JTAG","v1frame",8.056643344,0.000183594,"Run-Test/Idle"
"JTAG","v1frame",8.056826969,0.00000025,"Select-DR-Scan"
"JTAG","v1frame",8.05682725,0.000000219,"Select-IR-Scan"
"JTAG","v1frame",8.0568275,0.00000025,"Capture-IR"
"JTAG","v1frame",8.056827781,0.000001625,"Shift-IR
0x11 (5)
0x11 (5)"
"JTAG","v1frame",8.056829437,0.000000406,"Exit1-IR"
"JTAG","v1frame",8.056829875,0.000000219,"Update-IR"
"JTAG","v1frame",8.056830125,0.000000406,"Run-Test/Idle"
"JTAG","v1frame",8.056830563,0.00000025,"Select-DR-Scan"
"JTAG","v1frame",8.056830844,0.000000219,"Capture-DR"
"JTAG","v1frame",8.056831094,0.000011437,"Shift-DR
0x04240000006 (41)
0x00000000000 (41)"
"JTAG","v1frame",8.056842562,0.000000406,"Exit1-DR"
"JTAG","v1frame",8.056843,0.00000025,"Update-DR"
"JTAG","v1frame",8.056843281,0.000168594,"Run-Test/Idle"
"JTAG","v1frame",8.057011906,0.00000025,"Select-DR-Scan"
"JTAG","v1frame",8.057012187,0.000000219,"Capture-DR"
"JTAG","v1frame",8.057012437,0.000011438,"Shift-DR
0x04000000000 (41)
0x04240000004 (41)"
"JTAG","v1frame",8.057023906,0.000000406,"Exit1-DR"
"JTAG","v1frame",8.057024344,0.00000025,"Update-DR"
"JTAG","v1frame",8.057024625,0.000234062,"Run-Test/Idle"
"JTAG","v1frame",8.057258719,0.00000025,"Select-DR-Scan"
"JTAG","v1frame",8.057259,0.000000219,"Select-IR-Scan"
"JTAG","v1frame",8.05725925,0.00000025,"Capture-IR"
"JTAG","v1frame",8.057259531,0.000001625,"Shift-IR
0x11 (5)
0x11 (5)"
"JTAG","v1frame",8.057261187,0.000000406,"Exit1-IR"
"JTAG","v1frame",8.057261625,0.00000025,"Update-IR"
"JTAG","v1frame",8.057261906,0.000000406,"Run-Test/Idle"
"JTAG","v1frame",8.057262344,0.000000219,"Select-DR-Scan"
"JTAG","v1frame",8.057262594,0.00000025,"Capture-DR"
"JTAG","v1frame",8.057262875,0.000011438,"Shift-DR
0x04400000001 (41)
0x00000000000 (41)"
"JTAG","v1frame",8.057274344,0.000000375,"Exit1-DR"
"JTAG","v1frame",8.05727475,0.00000025,"Update-DR"
"JTAG","v1frame",8.057275031,0.000169094,"Run-Test/Idle"
"JTAG","v1frame",8.057444156,0.00000025,"Select-DR-Scan"
"JTAG","v1frame",8.057444437,0.000000219,"Capture-DR"
"JTAG","v1frame",8.057444688,0.000011437,"Shift-DR
0x04400000000 (41)
0x044010C0E88 (41)"
"JTAG","v1frame",8.057456156,0.000000406,"Exit1-DR"
"JTAG","v1frame",8.057456594,0.00000025,"Update-DR"
"JTAG","v1frame",8.057456875,0.000292094,"Run-Test/Idle"
"JTAG","v1frame",8.057749,0.000000219,"Select-DR-Scan"
"JTAG","v1frame",8.05774925,0.00000025,"Select-IR-Scan"
"JTAG","v1frame",8.057749531,0.000000219,"Capture-IR"
"JTAG","v1frame",8.057749781,0.000001656,"Shift-IR
0x11 (5)
0x11 (5)"
"JTAG","v1frame",8.057751469,0.000000375,"Exit1-IR"
"JTAG","v1frame",8.057751875,0.00000025,"Update-IR"
"JTAG","v1frame",8.057752156,0.000000406,"Run-Test/Idle"
"JTAG","v1frame",8.057752594,0.000000219,"Select-DR-Scan"
"JTAG","v1frame",8.057752844,0.00000025,"Capture-DR"
"JTAG","v1frame",8.057753125,0.000011438,"Shift-DR
0x0E000140002 (41)
0x00000000000 (41)"
"JTAG","v1frame",8.057764594,0.000000406,"Exit1-DR"
"JTAG","v1frame",8.057765031,0.000000219,"Update-DR"
"JTAG","v1frame",8.057765281,0.000206344,"Run-Test/Idle"
"JTAG","v1frame",8.057971656,0.000000219,"Select-DR-Scan"
"JTAG","v1frame",8.057971906,0.00000025,"Capture-DR"
"JTAG","v1frame",8.057972188,0.000011438,"Shift-DR
0x0E000000000 (41)
0x0E000140000 (41)"
"JTAG","v1frame",8.057983656,0.000000406,"Exit1-DR"
"JTAG","v1frame",8.057984094,0.000000219,"Update-DR"
"JTAG","v1frame",8.057984344,0.000172375,"Run-Test/Idle"
"JTAG","v1frame",8.05815675,0.00000025,"Select-DR-Scan"
"JTAG","v1frame",8.058157031,0.000000219,"Select-IR-Scan"
"JTAG","v1frame",8.058157281,0.00000025,"Capture-IR"
"JTAG","v1frame",8.058157562,0.000001625,"Shift-IR
0x11 (5)
0x11 (5)"
"JTAG","v1frame",8.058159219,0.000000406,"Exit1-IR"
"JTAG","v1frame",8.058159656,0.000000219,"Update-IR"
"JTAG","v1frame",8.058159906,0.000000406,"Run-Test/Idle"
"JTAG","v1frame",8.058160344,0.00000025,"Select-DR-Scan"
"JTAG","v1frame",8.058160625,0.000000219,"Capture-DR"
"JTAG","v1frame",8.058160875,0.000011437,"Shift-DR
0x0E500330112 (41)
0x00000000000 (41)"
"JTAG","v1frame",8.058172344,0.000000406,"Exit1-DR"
"JTAG","v1frame",8.058172781,0.00000025,"Update-DR"
"JTAG","v1frame",8.058173062,0.000163437,"Run-Test/Idle"
"JTAG","v1frame",8.058336531,0.00000025,"Select-DR-Scan"
"JTAG","v1frame",8.058336813,0.000000219,"Capture-DR"
"JTAG","v1frame",8.058337062,0.000011437,"Shift-DR
0x0E400000000 (41)
0x0E500330110 (41)"
"JTAG","v1frame",8.058348531,0.000000406,"Exit1-DR"
"JTAG","v1frame",8.058348969,0.000000219,"Update-DR"
"JTAG","v1frame",8.058349219,0.000213687,"Run-Test/Idle"
"JTAG","v1frame",8.058562937,0.000000219,"Select-DR-Scan"
"JTAG","v1frame",8.058563188,0.00000025,"Capture-DR"
"JTAG","v1frame",8.058563469,0.000011438,"Shift-DR
0x0F00000000A (41)
0x00000000000 (41)"
"JTAG","v1frame",8.058574937,0.000000406,"Exit1-DR"
"JTAG","v1frame",8.058575375,0.000000219,"Update-DR"
"JTAG","v1frame",8.058575625,0.000001906,"Run-Test/Idle"
"JTAG","v1frame",8.058577563,0.000000219,"Select-DR-Scan"
"JTAG","v1frame",8.058577812,0.00000025,"Capture-DR"
"JTAG","v1frame",8.058578094,0.000011437,"Shift-DR
0x00000000000 (41)
0x0F000000008 (41)"
"JTAG","v1frame",8.058589562,0.000000406,"Exit1-DR"
"JTAG","v1frame",8.05859,0.000000219,"Update-DR"
"JTAG","v1frame",8.05859025,0.000180531,"Run-Test/Idle"
"JTAG","v1frame",8.058770813,0.00000025,"Select-DR-Scan"
"JTAG","v1frame",8.058771094,0.000000219,"Select-IR-Scan"
"JTAG","v1frame",8.058771344,0.00000025,"Capture-IR"
"JTAG","v1frame",8.058771625,0.000001625,"Shift-IR
0x11 (5)
0x11 (5)"
"JTAG","v1frame",8.058773281,0.000000406,"Exit1-IR"
"JTAG","v1frame",8.058773719,0.00000025,"Update-IR"
"JTAG","v1frame",8.058774,0.000000406,"Run-Test/Idle"
"JTAG","v1frame",8.058774438,0.000000219,"Select-DR-Scan"
"JTAG","v1frame",8.058774687,0.00000025,"Capture-DR"
"JTAG","v1frame",8.058774969,0.000011437,"Shift-DR
0x0E000000001 (41)
0x00000000000 (41)"
"JTAG","v1frame",8.058786438,0.000000375,"Exit1-DR"
"JTAG","v1frame",8.058786844,0.00000025,"Update-DR"
"JTAG","v1frame",8.058787125,0.000219344,"Run-Test/Idle"
"JTAG","v1frame",8.0590065,0.000000219,"Select-DR-Scan"
"JTAG","v1frame",8.05900675,0.00000025,"Capture-DR"
"JTAG","v1frame",8.059007031,0.000011438,"Shift-DR
0x0E000000000 (41)
0x0E08014101C (41)"
"JTAG","v1frame",8.0590185,0.000000375,"Exit1-DR"
"JTAG","v1frame",8.059018906,0.00000025,"Update-DR"
"JTAG","v1frame",8.059019188,0.000282969,"Run-Test/Idle"
"JTAG","v1frame",8.059302188,0.00000025,"Select-DR-Scan"
"JTAG","v1frame",8.059302469,0.000000219,"Select-IR-Scan"
"JTAG","v1frame",8.059302719,0.00000025,"Capture-IR"
"JTAG","v1frame",8.059303,0.000001625,"Shift-IR
0x11 (5)
0x11 (5)"
"JTAG","v1frame",8.059304656,0.000000406,"Exit1-IR"
"JTAG","v1frame",8.059305094,0.00000025,"Update-IR"
"JTAG","v1frame",8.059305375,0.000000406,"Run-Test/Idle"
"JTAG","v1frame",8.059305812,0.000000219,"Select-DR-Scan"
"JTAG","v1frame",8.059306062,0.00000025,"Capture-DR"
"JTAG","v1frame",8.059306344,0.000011437,"Shift-DR
0x0E000140002 (41)
0x00000000000 (41)"
"JTAG","v1frame",8.059317812,0.000000375,"Exit1-DR"
"JTAG","v1frame",8.059318219,0.00000025,"Update-DR"
"JTAG","v1frame",8.0593185,0.000182656,"Run-Test/Idle"
"JTAG","v1frame",8.059501188,0.000000219,"Select-DR-Scan"
"JTAG","v1frame",8.059501437,0.00000025,"Capture-DR"
"JTAG","v1frame",8.059501719,0.000011437,"Shift-DR
0x0E000000000 (41)
0x0E000140000 (41)"
"JTAG","v1frame",8.059513188,0.000000406,"Exit1-DR"
"JTAG","v1frame",8.059513625,0.000000219,"Update-DR"
"JTAG","v1frame",8.059513875,0.000172156,"Run-Test/Idle"
"JTAG","v1frame",8.059686063,0.00000025,"Select-DR-Scan"
"JTAG","v1frame",8.059686344,0.00000025,"Select-IR-Scan"
"JTAG","v1frame",8.059686625,0.000000219,"Capture-IR"
"JTAG","v1frame",8.059686875,0.000001625,"Shift-IR
0x11 (5)
0x11 (5)"
"JTAG","v1frame",8.059688531,0.000000406,"Exit1-IR"
"JTAG","v1frame",8.059688969,0.00000025,"Update-IR"
"JTAG","v1frame",8.05968925,0.000000406,"Run-Test/Idle"
"JTAG","v1frame",8.059689688,0.000000219,"Select-DR-Scan"
"JTAG","v1frame",8.059689937,0.00000025,"Capture-DR"
"JTAG","v1frame",8.059690219,0.000011438,"Shift-DR
0x0E500330042 (41)
0x00000000000 (41)"
"JTAG","v1frame",8.059701688,0.000000406,"Exit1-DR"
"JTAG","v1frame",8.059702125,0.000000219,"Update-DR"
"JTAG","v1frame",8.059702375,0.000166969,"Run-Test/Idle"
"JTAG","v1frame",8.059869375,0.00000025,"Select-DR-Scan"
"JTAG","v1frame",8.059869656,0.000000219,"Capture-DR"
"JTAG","v1frame",8.059869906,0.000011438,"Shift-DR
0x0E400000000 (41)
0x0E500330040 (41)"
"JTAG","v1frame",8.059881375,0.000000406,"Exit1-DR"
"JTAG","v1frame",8.059881813,0.000000219,"Update-DR"
"JTAG","v1frame",8.059882062,0.000244375,"Run-Test/Idle"
"JTAG","v1frame",8.060126469,0.000000219,"Select-DR-Scan"
"JTAG","v1frame",8.060126719,0.00000025,"Capture-DR"
"JTAG","v1frame",8.060127,0.000011437,"Shift-DR
0x0F00000000E (41)
0x00000000000 (41)"
"JTAG","v1frame",8.060138469,0.000000375,"Exit1-DR"
"JTAG","v1frame",8.060138875,0.00000025,"Update-DR"
"JTAG","v1frame",8.060139156,0.000001906,"Run-Test/Idle"
"JTAG","v1frame",8.060141094,0.000000219,"Select-DR-Scan"
"JTAG","v1frame",8.060141344,0.00000025,"Capture-DR"
"JTAG","v1frame",8.060141625,0.000011437,"Shift-DR
0x00000000000 (41)
0x0F00000000C (41)"
"JTAG","v1frame",8.060153094,0.000000406,"Exit1-DR"
"JTAG","v1frame",8.060153531,0.000000219,"Update-DR"
"JTAG","v1frame",8.060153781,0.000327063,"Run-Test/Idle"
"JTAG","v1frame",8.060480875,0.00000025,"Select-DR-Scan"
"JTAG","v1frame",8.060481156,0.000000219,"Select-IR-Scan"
"JTAG","v1frame",8.060481406,0.00000025,"Capture-IR"
"JTAG","v1frame",8.060481687,0.000001625,"Shift-IR
0x11 (5)
0x11 (5)"
"JTAG","v1frame",8.060483344,0.000000406,"Exit1-IR"
"JTAG","v1frame",8.060483781,0.00000025,"Update-IR"
"JTAG","v1frame",8.060484063,0.000000375,"Run-Test/Idle"
"JTAG","v1frame",8.060484469,0.00000025,"Select-DR-Scan"
"JTAG","v1frame",8.06048475,0.00000025,"Capture-DR"
"JTAG","v1frame",8.060485031,0.000011406,"Shift-DR
0x0E000000001 (41)
0x00000000000 (41)"
"JTAG","v1frame",8.060496469,0.000000406,"Exit1-DR"
"JTAG","v1frame",8.060496906,0.00000025,"Update-DR"
"JTAG","v1frame",8.060497187,0.000308625,"Run-Test/Idle"
"JTAG","v1frame",8.060805844,0.00000025,"Select-DR-Scan"
"JTAG","v1frame",8.060806125,0.000000219,"Capture-DR"
"JTAG","v1frame",8.060806375,0.000011437,"Shift-DR
0x0E000000000 (41)
0x0E08014101C (41)"
"JTAG","v1frame",8.060817844,0.000000406,"Exit1-DR"
"JTAG","v1frame",8.060818281,0.000000219,"Update-DR"
"JTAG","v1frame",8.060818531,0.00030775,"Run-Test/Idle"
"JTAG","v1frame",8.061126313,0.00000025,"Select-DR-Scan"
"JTAG","v1frame",8.061126594,0.000000219,"Select-IR-Scan"
"JTAG","v1frame",8.061126844,0.00000025,"Capture-IR"
"JTAG","v1frame",8.061127125,0.000001625,"Shift-IR
0x11 (5)
0x11 (5)"
"JTAG","v1frame",8.061128781,0.000000406,"Exit1-IR"
"JTAG","v1frame",8.061129219,0.00000025,"Update-IR"
"JTAG","v1frame",8.0611295,0.000000406,"Run-Test/Idle"
"JTAG","v1frame",8.061129938,0.000000219,"Select-DR-Scan"
"JTAG","v1frame",8.061130187,0.00000025,"Capture-DR"
"JTAG","v1frame",8.061130469,0.000011438,"Shift-DR
0x0E000140002 (41)
0x00000000000 (41)"
"JTAG","v1frame",8.061141938,0.000000375,"Exit1-DR"
"JTAG","v1frame",8.061142344,0.00000025,"Update-DR"
"JTAG","v1frame",8.061142625,0.000177594,"Run-Test/Idle"
"JTAG","v1frame",8.06132025,0.000000219,"Select-DR-Scan"
"JTAG","v1frame",8.0613205,0.00000025,"Capture-DR"
"JTAG","v1frame",8.061320781,0.000011437,"Shift-DR
0x0E000000000 (41)
0x0E000140000 (41)"
"JTAG","v1frame",8.06133225,0.000000375,"Exit1-DR"
"JTAG","v1frame",8.061332656,0.00000025,"Update-DR"
"JTAG","v1frame",8.061332937,0.000173344,"Run-Test/Idle"
"JTAG","v1frame",8.061506313,0.000000219,"Select-DR-Scan"
"JTAG","v1frame",8.061506562,0.00000025,"Select-IR-Scan"
"JTAG","v1frame",8.061506844,0.000000219,"Capture-IR"
"JTAG","v1frame",8.061507094,0.000001656,"Shift-IR
0x11 (5)
0x11 (5)"
"JTAG","v1frame",8.061508781,0.000000375,"Exit1-IR"
"JTAG","v1frame",8.061509188,0.00000025,"Update-IR"
"JTAG","v1frame",8.061509469,0.000000406,"Run-Test/Idle"
"JTAG","v1frame",8.061509906,0.000000219,"Select-DR-Scan"
"JTAG","v1frame",8.061510156,0.00000025,"Capture-DR"
"JTAG","v1frame",8.061510438,0.000011437,"Shift-DR
0x0E500338182 (41)
0x00000000000 (41)"
"JTAG","v1frame",8.061521906,0.000000406,"Exit1-DR"
"JTAG","v1frame",8.061522344,0.000000219,"Update-DR"
"JTAG","v1frame",8.061522594,0.0002825,"Run-Test/Idle"
"JTAG","v1frame",8.061805125,0.00000025,"Select-DR-Scan"
"JTAG","v1frame",8.061805406,0.000000219,"Capture-DR"
"JTAG","v1frame",8.061805656,0.000011437,"Shift-DR
0x0E400000000 (41)
0x0E500338180 (41)"
"JTAG","v1frame",8.061817125,0.000000406,"Exit1-DR"
"JTAG","v1frame",8.061817562,0.00000025,"Update-DR"
"JTAG","v1frame",8.061817844,0.000179844,"Run-Test/Idle"
"JTAG","v1frame",8.061997719,0.000000219,"Select-DR-Scan"
"JTAG","v1frame",8.061997969,0.00000025,"Capture-DR"
"JTAG","v1frame",8.06199825,0.000011437,"Shift-DR
0x0F000000002 (41)
0x00000000000 (41)"
"JTAG","v1frame",8.062009719,0.000000406,"Exit1-DR"
"JTAG","v1frame",8.062010156,0.000000219,"Update-DR"
"JTAG","v1frame",8.062010406,0.000001906,"Run-Test/Idle"
"JTAG","v1frame",8.062012344,0.00000025,"Select-DR-Scan"
"JTAG","v1frame",8.062012625,0.000000219,"Capture-DR"
"JTAG","v1frame",8.062012875,0.000011437,"Shift-DR
0x00000000000 (41)
0x0F000000000 (41)"
"JTAG","v1frame",8.062024344,0.000000406,"Exit1-DR"
"JTAG","v1frame",8.062024781,0.000000219,"Update-DR"
"JTAG","v1frame",8.062025031,0.000249281,"Run-Test/Idle"
"JTAG","v1frame",8.062274344,0.00000025,"Select-DR-Scan"
"JTAG","v1frame",8.062274625,0.000000219,"Select-IR-Scan"
"JTAG","v1frame",8.062274875,0.00000025,"Capture-IR"
"JTAG","v1frame",8.062275156,0.000001625,"Shift-IR
0x11 (5)
0x11 (5)"
"JTAG","v1frame",8.062276813,0.000000406,"Exit1-IR"
"JTAG","v1frame",8.06227725,0.00000025,"Update-IR"
"JTAG","v1frame",8.062277531,0.000000406,"Run-Test/Idle"
"JTAG","v1frame",8.062277969,0.000000219,"Select-DR-Scan"
"JTAG","v1frame",8.062278219,0.00000025,"Capture-DR"
"JTAG","v1frame",8.0622785,0.000011437,"Shift-DR
0x0E000000001 (41)
0x00000000000 (41)"
"JTAG","v1frame",8.062289969,0.000000375,"Exit1-DR"
"JTAG","v1frame",8.062290375,0.00000025,"Update-DR"
"JTAG","v1frame",8.062290656,0.000185281,"Run-Test/Idle"
"JTAG","v1frame",8.062475969,0.00000025,"Select-DR-Scan"
"JTAG","v1frame",8.06247625,0.000000219,"Capture-DR"
"JTAG","v1frame",8.0624765,0.000011437,"Shift-DR
0x0E000000000 (41)
0x0E08014101C (41)"
"JTAG","v1frame",8.062487969,0.000000406,"Exit1-DR"
"JTAG","v1frame",8.062488406,0.000000219,"Update-DR"
"JTAG","v1frame",8.062488656,0.000235125,"Run-Test/Idle"
"JTAG","v1frame",8.062723812,0.00000025,"Select-DR-Scan"
"JTAG","v1frame",8.062724094,0.000000219,"Select-IR-Scan"
"JTAG","v1frame",8.062724344,0.00000025,"Capture-IR"
"JTAG","v1frame",8.062724625,0.000001625,"Shift-IR
0x11 (5)
0x11 (5)"
"JTAG","v1frame",8.062726281,0.000000406,"Exit1-IR"
"JTAG","v1frame",8.062726719,0.000000219,"Update-IR"
"JTAG","v1frame",8.062726969,0.000000406,"Run-Test/Idle"
"JTAG","v1frame",8.062727406,0.00000025,"Select-DR-Scan"
"JTAG","v1frame",8.062727688,0.000000219,"Capture-DR"
"JTAG","v1frame",8.062727938,0.000011437,"Shift-DR
0x0E000140002 (41)
0x00000000000 (41)"
"JTAG","v1frame",8.062739406,0.000000406,"Exit1-DR"
"JTAG","v1frame",8.062739844,0.00000025,"Update-DR"
"JTAG","v1frame",8.062740125,0.000182313,"Run-Test/Idle"
"JTAG","v1frame",8.062922469,0.00000025,"Select-DR-Scan"
"JTAG","v1frame",8.06292275,0.000000219,"Capture-DR"
"JTAG","v1frame",8.062923,0.000011437,"Shift-DR
0x0E000000000 (41)
0x0E000140000 (41)"
"JTAG","v1frame",8.062934469,0.000000406,"Exit1-DR"
"JTAG","v1frame",8.062934906,0.00000025,"Update-DR"
"JTAG","v1frame",8.062935188,0.000191094,"Run-Test/Idle"
"JTAG","v1frame",8.063126312,0.00000025,"Select-DR-Scan"
"JTAG","v1frame",8.063126594,0.00000025,"Select-IR-Scan"
"JTAG","v1frame",8.063126875,0.000000219,"Capture-IR"
"JTAG","v1frame",8.063127125,0.000001625,"Shift-IR
0x11 (5)
0x11 (5)"
"JTAG","v1frame",8.063128781,0.000000406,"Exit1-IR"
"JTAG","v1frame",8.063129219,0.00000025,"Update-IR"
"JTAG","v1frame",8.0631295,0.000000406,"Run-Test/Idle"
"JTAG","v1frame",8.063129937,0.000000219,"Select-DR-Scan"
"JTAG","v1frame",8.063130188,0.00000025,"Capture-DR"
"JTAG","v1frame",8.063130469,0.000011437,"Shift-DR
0x0E500338192 (41)
0x00000000000 (41)"
"JTAG","v1frame",8.063141937,0.000000406,"Exit1-DR"
"JTAG","v1frame",8.063142375,0.000000219,"Update-DR"
"JTAG","v1frame",8.063142625,0.000272156,"Run-Test/Idle"
"JTAG","v1frame",8.063414812,0.000000219,"Select-DR-Scan"
"JTAG","v1frame",8.063415063,0.00000025,"Capture-DR"
"JTAG","v1frame",8.063415344,0.000011437,"Shift-DR
0x0E400000000 (41)
0x0E500338190 (41)"
"JTAG","v1frame",8.063426812,0.000000406,"Exit1-DR"
"JTAG","v1frame",8.06342725,0.000000219,"Update-DR"
"JTAG","v1frame",8.0634275,0.00026125,"Run-Test/Idle"
"JTAG","v1frame",8.063688781,0.00000025,"Select-DR-Scan"
"JTAG","v1frame",8.063689062,0.000000219,"Capture-DR"
"JTAG","v1frame",8.063689312,0.000011438,"Shift-DR
0x0F000000012 (41)
0x00000000000 (41)"
"JTAG","v1frame",8.063700781,0.000000406,"Exit1-DR"
"JTAG","v1frame",8.063701219,0.00000025,"Update-DR"
"JTAG","v1frame",8.0637015,0.000001875,"Run-Test/Idle"
"JTAG","v1frame",8.063703406,0.00000025,"Select-DR-Scan"
"JTAG","v1frame",8.063703688,0.000000219,"Capture-DR"
"JTAG","v1frame",8.063703937,0.000011437,"Shift-DR
0x00000000000 (41)
0x0F000000010 (41)"
"JTAG","v1frame",8.063715406,0.000000406,"Exit1-DR"
"JTAG","v1frame",8.063715844,0.00000025,"Update-DR"
"JTAG","v1frame",8.063716125,0.000221375,"Run-Test/Idle"
"JTAG","v1frame",8.063937531,0.000000219,"Select-DR-Scan"
"JTAG","v1frame",8.063937781,0.00000025,"Select-IR-Scan"
"JTAG","v1frame",8.063938063,0.000000219,"Capture-IR"
"JTAG","v1frame",8.063938312,0.000001625,"Shift-IR
0x11 (5)
0x11 (5)"
"JTAG","v1frame",8.063939969,0.000000406,"Exit1-IR"
"JTAG","v1frame",8.063940406,0.00000025,"Update-IR"
"JTAG","v1frame",8.063940688,0.000000406,"Run-Test/Idle"
"JTAG","v1frame",8.063941125,0.000000219,"Select-DR-Scan"
"JTAG","v1frame",8.063941375,0.00000025,"Capture-DR"
"JTAG","v1frame",8.063941656,0.000011437,"Shift-DR
0x0E000000001 (41)
0x00000000000 (41)"
"JTAG","v1frame",8.063953125,0.000000406,"Exit1-DR"
"JTAG","v1frame",8.063953563,0.000000219,"Update-DR"
"JTAG","v1frame",8.063953812,0.00025075,"Run-Test/Idle"
"JTAG","v1frame",8.064204594,0.000000219,"Select-DR-Scan"
"JTAG","v1frame",8.064204844,0.00000025,"Capture-DR"
"JTAG","v1frame",8.064205125,0.000011438,"Shift-DR
0x0E000000000 (41)
0x0E08014101C (41)"
"JTAG","v1frame",8.064216594,0.000000375,"Exit1-DR"
"JTAG","v1frame",8.064217,0.00000025,"Update-DR"
"JTAG","v1frame",8.064217281,0.000460125,"Run-Test/Idle"
"JTAG","v1frame",8.064677438,0.000000219,"Select-DR-Scan"
"JTAG","v1frame",8.064677687,0.00000025,"Select-IR-Scan"
"JTAG","v1frame",8.064677969,0.000000219,"Capture-IR"
"JTAG","v1frame",8.064678219,0.000001625,"Shift-IR
0x11 (5)
0x11 (5)"
"JTAG","v1frame",8.064679875,0.000000406,"Exit1-IR"
"JTAG","v1frame",8.064680313,0.00000025,"Update-IR"
"JTAG","v1frame",8.064680594,0.000000406,"Run-Test/Idle"
"JTAG","v1frame",8.064681031,0.000000219,"Select-DR-Scan"
"JTAG","v1frame",8.064681281,0.00000025,"Capture-DR"
"JTAG","v1frame",8.064681563,0.000011437,"Shift-DR
0x0E000140002 (41)
0x00000000000 (41)"
"JTAG","v1frame",8.064693031,0.000000406,"Exit1-DR"
"JTAG","v1frame",8.064693469,0.000000219,"Update-DR"
"JTAG","v1frame",8.064693719,0.000169625,"Run-Test/Idle"
"JTAG","v1frame",8.064863375,0.00000025,"Select-DR-Scan"
"JTAG","v1frame",8.064863656,0.000000219,"Capture-DR"
"JTAG","v1frame",8.064863906,0.000011437,"Shift-DR
0x0E000000000 (41)
0x0E000140000 (41)"
"JTAG","v1frame",8.064875375,0.000000406,"Exit1-DR"
"JTAG","v1frame",8.064875813,0.00000025,"Update-DR"
"JTAG","v1frame",8.064876094,0.000250219,"Run-Test/Idle"
"JTAG","v1frame",8.065126344,0.000000219,"Select-DR-Scan"
"JTAG","v1frame",8.065126594,0.00000025,"Select-IR-Scan"
"JTAG","v1frame",8.065126875,0.000000219,"Capture-IR"
"JTAG","v1frame",8.065127125,0.000001656,"Shift-IR
0x11 (5)
0x11 (5)"
"JTAG","v1frame",8.065128812,0.000000375,"Exit1-IR"
"JTAG","v1frame",8.065129219,0.00000025,"Update-IR"
"JTAG","v1frame",8.0651295,0.000000406,"Run-Test/Idle"
"JTAG","v1frame",8.065129938,0.000000219,"Select-DR-Scan"
"JTAG","v1frame",8.065130187,0.00000025,"Capture-DR"
"JTAG","v1frame",8.065130469,0.000011437,"Shift-DR
0x0E5003381B2 (41)
0x00000000000 (41)"
"JTAG","v1frame",8.065141937,0.000000406,"Exit1-DR"
"JTAG","v1frame",8.065142375,0.000000219,"Update-DR"
"JTAG","v1frame",8.065142625,0.000129781,"Run-Test/Idle"
"JTAG","v1frame",8.065272437,0.00000025,"Select-DR-Scan"
"JTAG","v1frame",8.065272719,0.000000219,"Capture-DR"
"JTAG","v1frame",8.065272969,0.000011438,"Shift-DR
0x0E400000000 (41)
0x0E5003381B0 (41)"
"JTAG","v1frame",8.065284438,0.000000406,"Exit1-DR"
"JTAG","v1frame",8.065284875,0.00000025,"Update-DR"
"JTAG","v1frame",8.065285156,0.000188219,"Run-Test/Idle"
"JTAG","v1frame",8.065473406,0.000000219,"Select-DR-Scan"
"JTAG","v1frame",8.065473656,0.00000025,"Capture-DR"
"JTAG","v1frame",8.065473938,0.000011437,"Shift-DR
0x0F0000000FE (41)
0x00000000000 (41)"
"JTAG","v1frame",8.065485406,0.000000375,"Exit1-DR"
"JTAG","v1frame",8.065485813,0.00000025,"Update-DR"
"JTAG","v1frame",8.065486094,0.000001906,"Run-Test/Idle"
"JTAG","v1frame",8.065488031,0.000000219,"Select-DR-Scan"
"JTAG","v1frame",8.065488281,0.00000025,"Capture-DR"
"JTAG","v1frame",8.065488563,0.000011437,"Shift-DR
0x00000000000 (41)
0x0F0000000FC (41)"
"JTAG","v1frame",8.065500031,0.000000406,"Exit1-DR"
"JTAG","v1frame",8.065500469,0.000000219,"Update-DR"
"JTAG","v1frame",8.065500719,0.000194781,"Run-Test/Idle"
"JTAG","v1frame",8.065695531,0.00000025,"Select-DR-Scan"
"JTAG","v1frame",8.065695812,0.000000219,"Select-IR-Scan"
"JTAG","v1frame",8.065696063,0.00000025,"Capture-IR"
"JTAG","v1frame",8.065696344,0.000001625,"Shift-IR
0x11 (5)
0x11 (5)"
"JTAG","v1frame",8.065698,0.000000406,"Exit1-IR"
"JTAG","v1frame",8.065698438,0.00000025,"Update-IR"
"JTAG","v1frame",8.065698719,0.000000375,"Run-Test/Idle"
"JTAG","v1frame",8.065699125,0.00000025,"Select-DR-Scan"
"JTAG","v1frame",8.065699406,0.00000025,"Capture-DR"
"JTAG","v1frame",8.065699688,0.000011406,"Shift-DR
0x0E000000001 (41)
0x00000000000 (41)"
"JTAG","v1frame",8.065711125,0.000000406,"Exit1-DR"
"JTAG","v1frame",8.065711563,0.00000025,"Update-DR"
"JTAG","v1frame",8.065711844,0.000174812,"Run-Test/Idle"
"JTAG","v1frame",8.065886688,0.00000025,"Select-DR-Scan"
"JTAG","v1frame",8.065886969,0.000000219,"Capture-DR"
"JTAG","v1frame",8.065887219,0.000011438,"Shift-DR
0x0E000000000 (41)
0x0E08014101C (41)"
"JTAG","v1frame",8.065898688,0.000000406,"Exit1-DR"
"JTAG","v1frame",8.065899125,0.000000219,"Update-DR"
"JTAG","v1frame",8.065899375,0.010664844,"Run-Test/Idle"
"JTAG","v1frame",8.07656425,0.000000219,"Select-DR-Scan"
"JTAG","v1frame",8.0765645,0.00000025,"Select-IR-Scan"
"JTAG","v1frame",8.076564781,0.00000025,"Capture-IR"
"JTAG","v1frame",8.076565063,0.000001625,"Shift-IR
0x11 (5)
0x11 (5)"
"JTAG","v1frame",8.076566719,0.000000406,"Exit1-IR"
"JTAG","v1frame",8.076567156,0.000000219,"Update-IR"
"JTAG","v1frame",8.076567406,0.000000406,"Run-Test/Idle"
"JTAG","v1frame",8.076567844,0.00000025,"Select-DR-Scan"
"JTAG","v1frame",8.076568125,0.000000219,"Capture-DR"
"JTAG","v1frame",8.076568375,0.000011437,"Shift-DR
0x04400000001 (41)
0x00000000000 (41)"
"JTAG","v1frame",8.076579844,0.000000406,"Exit1-DR"
"JTAG","v1frame",8.076580281,0.00000025,"Update-DR"
"JTAG","v1frame",8.076580563,0.000263562,"Run-Test/Idle"
"JTAG","v1frame",8.076844156,0.000000219,"Select-DR-Scan"
"JTAG","v1frame",8.076844406,0.00000025,"Capture-DR"
"JTAG","v1frame",8.076844687,0.000011438,"Shift-DR
0x04400000000 (41)
0x044010C0E88 (41)"
"JTAG","v1frame",8.076856156,0.000000375,"Exit1-DR"
"JTAG","v1frame",8.076856562,0.00000025,"Update-DR"
"JTAG","v1frame",8.076856844,0.013574781,"Run-Test/Idle"
"JTAG","v1frame",8.090431656,0.00000025,"Select-DR-Scan"
"JTAG","v1frame",8.090431938,0.000000219,"Select-IR-Scan"
"JTAG","v1frame",8.090432187,0.00000025,"Capture-IR"
"JTAG","v1frame",8.090432469,0.000001625,"Shift-IR
0x11 (5)
0x11 (5)"
"JTAG","v1frame",8.090434125,0.000000406,"Exit1-IR"
"JTAG","v1frame",8.090434563,0.00000025,"Update-IR"
"JTAG","v1frame",8.090434844,0.000000375,"Run-Test/Idle"
"JTAG","v1frame",8.09043525,0.00000025,"Select-DR-Scan"
"JTAG","v1frame",8.090435531,0.00000025,"Capture-DR"
"JTAG","v1frame",8.090435813,0.000011406,"Shift-DR
0x04400000001 (41)
0x00000000000 (41)"
"JTAG","v1frame",8.09044725,0.000000406,"Exit1-DR"
"JTAG","v1frame",8.090447687,0.00000025,"Update-DR"
"JTAG","v1frame",8.090447969,0.0001485,"Run-Test/Idle"
"JTAG","v1frame",8.0905965,0.000000219,"Select-DR-Scan"
"JTAG","v1frame",8.09059675,0.00000025,"Capture-DR"
"JTAG","v1frame",8.090597031,0.000011438,"Shift-DR
0x04400000000 (41)
0x044010C0E88 (41)"
"JTAG","v1frame",8.0906085,0.000000406,"Exit1-DR"
"JTAG","v1frame",8.090608938,0.000000219,"Update-DR"
"JTAG","v1frame",8.090609188,0.000208594,"Run-Test/Idle"
"JTAG","v1frame",8.090817812,0.000000219,"Select-DR-Scan"
"JTAG","v1frame",8.090818063,0.00000025,"Select-IR-Scan"
"JTAG","v1frame",8.090818344,0.000000219,"Capture-IR"
"JTAG","v1frame",8.090818594,0.000001656,"Shift-IR
0x11 (5)
0x11 (5)"
"JTAG","v1frame",8.090820281,0.000000406,"Exit1-IR"
"JTAG","v1frame",8.090820719,0.000000219,"Update-IR"
"JTAG","v1frame",8.090820969,0.000000406,"Run-Test/Idle"
"JTAG","v1frame",8.090821406,0.00000025,"Select-DR-Scan"
"JTAG","v1frame",8.090821688,0.000000219,"Capture-DR"
"JTAG","v1frame",8.090821937,0.000011438,"Shift-DR
0x04400000001 (41)
0x00000000000 (41)"
"JTAG","v1frame",8.090833406,0.000000406,"Exit1-DR"
"JTAG","v1frame",8.090833844,0.000000219,"Update-DR"
"JTAG","v1frame",8.090834094,0.000177437,"Run-Test/Idle"
"JTAG","v1frame",8.091011563,0.00000025,"Select-DR-Scan"
"JTAG","v1frame",8.091011844,0.000000219,"Capture-DR"
"JTAG","v1frame",8.091012094,0.000011437,"Shift-DR
0x04400000000 (41)
0x044010C0E88 (41)"
"JTAG","v1frame",8.091023563,0.000000406,"Exit1-DR"
"JTAG","v1frame",8.091024,0.00000025,"Update-DR"
"JTAG","v1frame",8.091024281,0.097101969,"Run-Test/Idle"
"JTAG","v1frame",8.188126281,0.00000025,"Select-DR-Scan"
"JTAG","v1frame",8.188126563,0.000000219,"Select-IR-Scan"
"JTAG","v1frame",8.188126813,0.00000025,"Capture-IR"
"JTAG","v1frame",8.188127094,0.000001625,"Shift-IR
0x11 (5)
0x11 (5)"
"JTAG","v1frame",8.18812875,0.000000406,"Exit1-IR"
"JTAG","v1frame",8.188129187,0.00000025,"Update-IR"
"JTAG","v1frame",8.188129469,0.000000406,"Run-Test/Idle"
"JTAG","v1frame",8.188129906,0.000000219,"Select-DR-Scan"
"JTAG","v1frame",8.188130156,0.00000025,"Capture-DR"
"JTAG","v1frame",8.188130437,0.000011437,"Shift-DR
0x04400000001 (41)
0x00000000000 (41)"
"JTAG","v1frame",8.188141906,0.000000375,"Exit1-DR"
"JTAG","v1frame",8.188142313,0.00000025,"Update-DR"
"JTAG","v1frame",8.188142594,0.00017075,"Run-Test/Idle"
"JTAG","v1frame",8.188313375,0.00000025,"Select-DR-Scan"
"JTAG","v1frame",8.188313656,0.00000025,"Capture-DR"
"JTAG","v1frame",8.188313938,0.000011406,"Shift-DR
0x04400000000 (41)
0x044010C0E88 (41)"
"JTAG","v1frame",8.188325375,0.000000406,"Exit1-DR"
"JTAG","v1frame",8.188325813,0.00000025,"Update-DR"
"JTAG","v1frame",8.188326094,0.10086925,"Run-Test/Idle"
"JTAG","v1frame",8.289195375,0.000000219,"Select-DR-Scan"
"JTAG","v1frame",8.289195625,0.00000025,"Select-IR-Scan"
"JTAG","v1frame",8.289195906,0.000000219,"Capture-IR"
"JTAG","v1frame",8.289196156,0.000001656,"Shift-IR
0x11 (5)
0x11 (5)"
"JTAG","v1frame",8.289197844,0.000000406,"Exit1-IR"
"JTAG","v1frame",8.289198281,0.000000219,"Update-IR"
"JTAG","v1frame",8.289198531,0.000000406,"Run-Test/Idle"
"JTAG","v1frame",8.289198969,0.00000025,"Select-DR-Scan"
"JTAG","v1frame",8.28919925,0.000000219,"Capture-DR"
"JTAG","v1frame",8.2891995,0.000011437,"Shift-DR
0x04400000001 (41)
0x00000000000 (41)"
"JTAG","v1frame",8.289210969,0.000000406,"Exit1-DR"
"JTAG","v1frame",8.289211406,0.000000219,"Update-DR"
"JTAG","v1frame",8.289211656,0.000159563,"Run-Test/Idle"
"JTAG","v1frame",8.28937125,0.00000025,"Select-DR-Scan"
"JTAG","v1frame",8.289371531,0.000000219,"Capture-DR"
"JTAG","v1frame",8.289371781,0.000011438,"Shift-DR
0x04400000000 (41)
0x044010C0E88 (41)"
"JTAG","v1frame",8.28938325,0.000000406,"Exit1-DR"
"JTAG","v1frame",8.289383688,0.000000219,"Update-DR"
"JTAG","v1frame",8.289383938,0.10017775,"Run-Test/Idle"
"JTAG","v1frame",8.389561719,0.000000219,"Select-DR-Scan"
"JTAG","v1frame",8.389561969,0.00000025,"Select-IR-Scan"
"JTAG","v1frame",8.38956225,0.000000219,"Capture-IR"
"JTAG","v1frame",8.3895625,0.000001656,"Shift-IR
0x11 (5)
0x11 (5)"
"JTAG","v1frame",8.389564187,0.000000406,"Exit1-IR"
"JTAG","v1frame",8.389564625,0.000000219,"Update-IR"
"JTAG","v1frame",8.389564875,0.000000406,"Run-Test/Idle"
"JTAG","v1frame",8.389565313,0.000000219,"Select-DR-Scan"
"JTAG","v1frame",8.389565562,0.00000025,"Capture-DR"
"JTAG","v1frame",8.389565844,0.000011437,"Shift-DR
0x04400000001 (41)
0x00000000000 (41)"
"JTAG","v1frame",8.389577313,0.000000406,"Exit1-DR"
"JTAG","v1frame",8.38957775,0.000000219,"Update-DR"
"JTAG","v1frame",8.389578,0.000179281,"Run-Test/Idle"
"JTAG","v1frame",8.389757313,0.00000025,"Select-DR-Scan"
"JTAG","v1frame",8.389757594,0.000000219,"Capture-DR"
"JTAG","v1frame",8.389757844,0.000011437,"Shift-DR
0x04400000000 (41)
0x044010C0E88 (41)"
"JTAG","v1frame",8.389769313,0.000000406,"Exit1-DR"
"JTAG","v1frame",8.38976975,0.00000025,"Update-DR"
"JTAG","v1frame",8.389770031,0.100505406,"Run-Test/Idle"
"JTAG","v1frame",8.490275469,0.000000219,"Select-DR-Scan"
"JTAG","v1frame",8.490275719,0.00000025,"Select-IR-Scan"
"JTAG","v1frame",8.490276,0.000000219,"Capture-IR"
"JTAG","v1frame",8.49027625,0.000001656,"Shift-IR
0x11 (5)
0x11 (5)"
"JTAG","v1frame",8.490277938,0.000000406,"Exit1-IR"
"JTAG","v1frame",8.490278375,0.000000219,"Update-IR"
"JTAG","v1frame",8.490278625,0.000000406,"Run-Test/Idle"
"JTAG","v1frame",8.490279063,0.00000025,"Select-DR-Scan"
"JTAG","v1frame",8.490279344,0.000000219,"Capture-DR"
"JTAG","v1frame",8.490279594,0.000011438,"Shift-DR
0x04400000001 (41)
0x00000000000 (41)"
"JTAG","v1frame",8.490291063,0.000000406,"Exit1-DR"
"JTAG","v1frame",8.4902915,0.000000219,"Update-DR"
"JTAG","v1frame",8.49029175,0.000138875,"Run-Test/Idle"
"JTAG","v1frame",8.490430656,0.000000219,"Select-DR-Scan"
"JTAG","v1frame",8.490430906,0.00000025,"Capture-DR"
"JTAG","v1frame",8.490431188,0.000011437,"Shift-DR
0x04400000000 (41)
0x044010C0E88 (41)"
"JTAG","v1frame",8.490442656,0.000000375,"Exit1-DR"
"JTAG","v1frame",8.490443063,0.00000025,"Update-DR"
"JTAG","v1frame",8.490443344,0.100278094,"Run-Test/Idle"
"JTAG","v1frame",8.590721469,0.00000025,"Select-DR-Scan"
"JTAG","v1frame",8.59072175,0.00000025,"Select-IR-Scan"
"JTAG","v1frame",8.590722031,0.000000219,"Capture-IR"
"JTAG","v1frame",8.590722281,0.000001625,"Shift-IR
0x11 (5)
0x11 (5)"
"JTAG","v1frame",8.590723937,0.000000406,"Exit1-IR"
"JTAG","v1frame",8.590724375,0.00000025,"Update-IR"
"JTAG","v1frame",8.590724656,0.000000406,"Run-Test/Idle"
"JTAG","v1frame",8.590725094,0.000000219,"Select-DR-Scan"
"JTAG","v1frame",8.590725344,0.00000025,"Capture-DR"
"JTAG","v1frame",8.590725625,0.000011438,"Shift-DR
0x04400000001 (41)
0x00000000000 (41)"
"JTAG","v1frame",8.590737094,0.000000406,"Exit1-DR"
"JTAG","v1frame",8.590737531,0.000000219,"Update-DR"
"JTAG","v1frame",8.590737781,0.000317687,"Run-Test/Idle"
"JTAG","v1frame",8.5910555,0.000000219,"Select-DR-Scan"
"JTAG","v1frame",8.59105575,0.00000025,"Capture-DR"
"JTAG","v1frame",8.591056031,0.000011437,"Shift-DR
0x04400000000 (41)
0x044010C0E88 (41)"
"JTAG","v1frame",8.5910675,0.000000406,"Exit1-DR"
"JTAG","v1frame",8.591067938,0.000000219,"Update-DR"
"JTAG","v1frame",8.591068187,0.101434875,"Run-Test/Idle"
"JTAG","v1frame",8.692503094,0.00000025,"Select-DR-Scan"
"JTAG","v1frame",8.692503375,0.000000219,"Select-IR-Scan"
"JTAG","v1frame",8.692503625,0.00000025,"Capture-IR"
"JTAG","v1frame",8.692503906,0.000001625,"Shift-IR
0x11 (5)
0x11 (5)"
"JTAG","v1frame",8.692505562,0.000000406,"Exit1-IR"
"JTAG","v1frame",8.692506,0.00000025,"Update-IR"
"JTAG","v1frame",8.692506281,0.000000375,"Run-Test/Idle"
"JTAG","v1frame",8.692506687,0.00000025,"Select-DR-Scan"
"JTAG","v1frame",8.692506969,0.00000025,"Capture-DR"
"JTAG","v1frame",8.69250725,0.000011406,"Shift-DR
0x04400000001 (41)
0x00000000000 (41)"
"JTAG","v1frame",8.692518687,0.000000406,"Exit1-DR"
"JTAG","v1frame",8.692519125,0.00000025,"Update-DR"
"JTAG","v1frame",8.692519406,0.000243969,"Run-Test/Idle"
"JTAG","v1frame",8.692763406,0.000000219,"Select-DR-Scan"
"JTAG","v1frame",8.692763656,0.00000025,"Capture-DR"
"JTAG","v1frame",8.692763938,0.000011437,"Shift-DR
0x04400000000 (41)
0x044010C0E88 (41)"
"JTAG","v1frame",8.692775406,0.000000406,"Exit1-DR"
"JTAG","v1frame",8.692775844,0.000000219,"Update-DR"
"JTAG","v1frame",8.692776094,0.100711,"Run-Test/Idle"
"JTAG","v1frame",8.793487125,0.000000219,"Select-DR-Scan"
"JTAG","v1frame",8.793487375,0.00000025,"Select-IR-Scan"
"JTAG","v1frame",8.793487656,0.000000219,"Capture-IR"
"JTAG","v1frame",8.793487906,0.000001656,"Shift-IR
0x11 (5)
0x11 (5)"
"JTAG","v1frame",8.793489594,0.000000406,"Exit1-IR"
"JTAG","v1frame",8.793490031,0.000000219,"Update-IR"
"JTAG","v1frame",8.793490281,0.000000406,"Run-Test/Idle"
"JTAG","v1frame",8.793490719,0.000000219,"Select-DR-Scan"
"JTAG","v1frame",8.793490969,0.00000025,"Capture-DR"
"JTAG","v1frame",8.79349125,0.000011437,"Shift-DR
0x04400000001 (41)
0x00000000000 (41)"
"JTAG","v1frame",8.793502719,0.000000406,"Exit1-DR"
"JTAG","v1frame",8.793503156,0.000000219,"Update-DR"
"JTAG","v1frame",8.793503406,0.000190219,"Run-Test/Idle"
"JTAG","v1frame",8.793693656,0.000000219,"Select-DR-Scan"
"JTAG","v1frame",8.793693906,0.00000025,"Capture-DR"
"JTAG","v1frame",8.793694187,0.000011437,"Shift-DR
0x04400000000 (41)
0x044010C0E88 (41)"
"JTAG","v1frame",8.793705656,0.000000406,"Exit1-DR"
"JTAG","v1frame",8.793706094,0.000000219,"Update-DR"
"JTAG","v1frame",8.793706344,0.10041975,"Run-Test/Idle"
"JTAG","v1frame",8.894126125,0.000000219,"Select-DR-Scan"
"JTAG","v1frame",8.894126375,0.00000025,"Select-IR-Scan"
"JTAG","v1frame",8.894126656,0.000000219,"Capture-IR"
"JTAG","v1frame",8.894126906,0.000001656,"Shift-IR
0x11 (5)
0x11 (5)"
"JTAG","v1frame",8.894128594,0.000000406,"Exit1-IR"
"JTAG","v1frame",8.894129031,0.000000219,"Update-IR"
"JTAG","v1frame",8.894129281,0.000000406,"Run-Test/Idle"
"JTAG","v1frame",8.894129719,0.00000025,"Select-DR-Scan"
"JTAG","v1frame",8.89413,0.000000219,"Capture-DR"
"JTAG","v1frame",8.89413025,0.000011437,"Shift-DR
0x04400000001 (41)
0x00000000000 (41)"
"JTAG","v1frame",8.894141719,0.000000406,"Exit1-DR"
"JTAG","v1frame",8.894142156,0.000000219,"Update-DR"
"JTAG","v1frame",8.894142406,0.000200938,"Run-Test/Idle"
"JTAG","v1frame",8.894343375,0.000000219,"Select-DR-Scan"
"JTAG","v1frame",8.894343625,0.00000025,"Capture-DR"
"JTAG","v1frame",8.894343906,0.000011437,"Shift-DR
0x04400000000 (41)
0x044010C0E88 (41)"
"JTAG","v1frame",8.894355375,0.000000406,"Exit1-DR"
"JTAG","v1frame",8.894355813,0.000000219,"Update-DR"
"JTAG","v1frame",8.894356062,0.100377906,"Run-Test/Idle"
"JTAG","v1frame",8.994734,0.00000025,"Select-DR-Scan"
"JTAG","v1frame",8.994734281,0.000000219,"Select-IR-Scan"
"JTAG","v1frame",8.994734531,0.00000025,"Capture-IR"
"JTAG","v1frame",8.994734813,0.000001625,"Shift-IR
0x11 (5)
0x11 (5)"
"JTAG","v1frame",8.994736469,0.000000406,"Exit1-IR"
"JTAG","v1frame",8.994736906,0.000000219,"Update-IR"
"JTAG","v1frame",8.994737156,0.000000406,"Run-Test/Idle"
"JTAG","v1frame",8.994737594,0.00000025,"Select-DR-Scan"
"JTAG","v1frame",8.994737875,0.000000219,"Capture-DR"
"JTAG","v1frame",8.994738125,0.000011437,"Shift-DR
0x04400000001 (41)
0x00000000000 (41)"
"JTAG","v1frame",8.994749594,0.000000406,"Exit1-DR"
"JTAG","v1frame",8.994750031,0.00000025,"Update-DR"
"JTAG","v1frame",8.994750313,0.000165656,"Run-Test/Idle"
"JTAG","v1frame",8.994916,0.00000025,"Select-DR-Scan"
"JTAG","v1frame",8.994916281,0.000000219,"Capture-DR"
"JTAG","v1frame",8.994916531,0.000011437,"Shift-DR
0x04400000000 (41)
0x044010C0E88 (41)"
"JTAG","v1frame",8.994928,0.000000406,"Exit1-DR"
"JTAG","v1frame",8.994928438,0.000000219,"Update-DR"
"JTAG","v1frame",8.994928687,0.099886969,"Run-Test/Idle"
"JTAG","v1frame",9.094815688,0.000000219,"Select-DR-Scan"
"JTAG","v1frame",9.094815937,0.00000025,"Select-IR-Scan"
"JTAG","v1frame",9.094816219,0.000000219,"Capture-IR"
"JTAG","v1frame",9.094816469,0.000001656,"Shift-IR
0x11 (5)
0x11 (5)"
"JTAG","v1frame",9.094818156,0.000000406,"Exit1-IR"
"JTAG","v1frame",9.094818594,0.000000219,"Update-IR"
"JTAG","v1frame",9.094818844,0.000000406,"Run-Test/Idle"
"JTAG","v1frame",9.094819281,0.00000025,"Select-DR-Scan"
"JTAG","v1frame",9.094819562,0.000000219,"Capture-DR"
"JTAG","v1frame",9.094819813,0.000011437,"Shift-DR
0x04400000001 (41)
0x00000000000 (41)"
"JTAG","v1frame",9.094831281,0.000000406,"Exit1-DR"
"JTAG","v1frame",9.094831719,0.000000219,"Update-DR"
"JTAG","v1frame",9.094831969,0.000179562,"Run-Test/Idle"
"JTAG","v1frame",9.095011562,0.00000025,"Select-DR-Scan"
"JTAG","v1frame",9.095011844,0.000000219,"Capture-DR"
"JTAG","v1frame",9.095012094,0.000011437,"Shift-DR
0x04400000000 (41)
0x044010C0E88 (41)"
"JTAG","v1frame",9.095023562,0.000000406,"Exit1-DR"
"JTAG","v1frame",9.095024,0.000000219,"Update-DR"
"JTAG","v1frame",9.09502425,0.100417594,"Run-Test/Idle"
"JTAG","v1frame",9.195441875,0.000000219,"Select-DR-Scan"
"JTAG","v1frame",9.195442125,0.00000025,"Select-IR-Scan"
"JTAG","v1frame",9.195442406,0.000000219,"Capture-IR"
"JTAG","v1frame",9.195442656,0.000001656,"Shift-IR
0x11 (5)
0x11 (5)"
"JTAG","v1frame",9.195444344,0.000000406,"Exit1-IR"
"JTAG","v1frame",9.195444781,0.000000219,"Update-IR"
"JTAG","v1frame",9.195445031,0.000000406,"Run-Test/Idle"
"JTAG","v1frame",9.195445469,0.000000219,"Select-DR-Scan"
"JTAG","v1frame",9.195445719,0.00000025,"Capture-DR"
"JTAG","v1frame",9.195446,0.000011437,"Shift-DR
0x04400000001 (41)
0x00000000000 (41)"
"JTAG","v1frame",9.195457469,0.000000406,"Exit1-DR"
"JTAG","v1frame",9.195457906,0.000000219,"Update-DR"
"JTAG","v1frame",9.195458156,0.000266812,"Run-Test/Idle"
"JTAG","v1frame",9.195725,0.00000025,"Select-DR-Scan"
"JTAG","v1frame",9.195725281,0.000000219,"Capture-DR"
"JTAG","v1frame",9.195725531,0.000011437,"Shift-DR
0x04400000000 (41)
0x044010C0E88 (41)"
"JTAG","v1frame",9.195737,0.000000406,"Exit1-DR"
"JTAG","v1frame",9.195737438,0.00000025,"Update-DR"
"JTAG","v1frame",9.195737719,0.100292938,"Run-Test/Idle"
"JTAG","v1frame",9.296030688,0.00000025,"Select-DR-Scan"
"JTAG","v1frame",9.296030969,0.000000219,"Select-IR-Scan"
"JTAG","v1frame",9.296031219,0.00000025,"Capture-IR"
"JTAG","v1frame",9.2960315,0.000001625,"Shift-IR
0x11 (5)
0x11 (5)"
"JTAG","v1frame",9.296033156,0.000000406,"Exit1-IR"
"JTAG","v1frame",9.296033594,0.000000219,"Update-IR"
"JTAG","v1frame",9.296033844,0.000000406,"Run-Test/Idle"
"JTAG","v1frame",9.296034281,0.00000025,"Select-DR-Scan"
"JTAG","v1frame",9.296034562,0.000000219,"Capture-DR"
"JTAG","v1frame",9.296034813,0.000011437,"Shift-DR
0x04400000001 (41)
0x00000000000 (41)"
"JTAG","v1frame",9.296046281,0.000000406,"Exit1-DR"
"JTAG","v1frame",9.296046719,0.00000025,"Update-DR"
"JTAG","v1frame",9.296047,0.000213594,"Run-Test/Idle"
"JTAG","v1frame",9.296260625,0.000000219,"Select-DR-Scan"
"JTAG","v1frame",9.296260875,0.00000025,"Capture-DR"
"JTAG","v1frame",9.296261156,0.000011437,"Shift-DR
0x04400000000 (41)
0x044010C0E88 (41)"
"JTAG","v1frame",9.296272625,0.000000406,"Exit1-DR"
"JTAG","v1frame",9.296273062,0.000000219,"Update-DR"
"JTAG","v1frame",9.296273313,0.1005195,"Run-Test/Idle"
"JTAG","v1frame",9.396792844,0.000000219,"Select-DR-Scan"
"JTAG","v1frame",9.396793094,0.00000025,"Select-IR-Scan"
"JTAG","v1frame",9.396793375,0.000000219,"Capture-IR"
"JTAG","v1frame",9.396793625,0.000001656,"Shift-IR
0x11 (5)
0x11 (5)"
"JTAG","v1frame",9.396795313,0.000000406,"Exit1-IR"
"JTAG","v1frame",9.39679575,0.000000219,"Update-IR"
"JTAG","v1frame",9.396796,0.000000406,"Run-Test/Idle"
"JTAG","v1frame",9.396796438,0.00000025,"Select-DR-Scan"
"JTAG","v1frame",9.396796719,0.000000219,"Capture-DR"
"JTAG","v1frame",9.396796969,0.000011438,"Shift-DR
0x04400000001 (41)
0x00000000000 (41)"
"JTAG","v1frame",9.396808438,0.000000406,"Exit1-DR"
"JTAG","v1frame",9.396808875,0.000000219,"Update-DR"
"JTAG","v1frame",9.396809125,0.000178187,"Run-Test/Idle"
"JTAG","v1frame",9.396987344,0.00000025,"Select-DR-Scan"
"JTAG","v1frame",9.396987625,0.000000219,"Capture-DR"
"JTAG","v1frame",9.396987875,0.000011437,"Shift-DR
0x04400000000 (41)
0x044010C0E88 (41)"
"JTAG","v1frame",9.396999344,0.000000406,"Exit1-DR"
"JTAG","v1frame",9.396999781,0.00000025,"Update-DR"
"JTAG","v1frame",9.397000063,0.100319406,"Run-Test/Idle"
"JTAG","v1frame",9.4973195,0.00000025,"Select-DR-Scan"
"JTAG","v1frame",9.497319781,0.000000219,"Select-IR-Scan"
"JTAG","v1frame",9.497320031,0.00000025,"Capture-IR"
"JTAG","v1frame",9.497320312,0.000001625,"Shift-IR
0x11 (5)
0x11 (5)"
"JTAG","v1frame",9.497321969,0.000000406,"Exit1-IR"
"JTAG","v1frame",9.497322406,0.00000025,"Update-IR"
"JTAG","v1frame",9.497322688,0.000000375,"Run-Test/Idle"
"JTAG","v1frame",9.497323094,0.00000025,"Select-DR-Scan"
"JTAG","v1frame",9.497323375,0.00000025,"Capture-DR"
"JTAG","v1frame",9.497323656,0.000011406,"Shift-DR
0x04400000001 (41)
0x00000000000 (41)"
"JTAG","v1frame",9.497335094,0.000000406,"Exit1-DR"
"JTAG","v1frame",9.497335531,0.00000025,"Update-DR"
"JTAG","v1frame",9.497335812,0.000179313,"Run-Test/Idle"
"JTAG","v1frame",9.497515156,0.00000025,"Select-DR-Scan"
"JTAG","v1frame",9.497515438,0.00000025,"Capture-DR"
"JTAG","v1frame",9.497515719,0.000011406,"Shift-DR
0x04400000000 (41)
0x044010C0E88 (41)"
"JTAG","v1frame",9.497527156,0.000000406,"Exit1-DR"
"JTAG","v1frame",9.497527594,0.00000025,"Update-DR"
"JTAG","v1frame",9.497527875,0.099996469,"Run-Test/Idle"
"JTAG","v1frame",9.597524375,0.000000219,"Select-DR-Scan"
"JTAG","v1frame",9.597524625,0.00000025,"Select-IR-Scan"
"JTAG","v1frame",9.597524906,0.000000219,"Capture-IR"
"JTAG","v1frame",9.597525156,0.000001656,"Shift-IR
0x11 (5)
0x11 (5)"
"JTAG","v1frame",9.597526844,0.000000406,"Exit1-IR"
"JTAG","v1frame",9.597527281,0.000000219,"Update-IR"
"JTAG","v1frame",9.597527531,0.000000406,"Run-Test/Idle"
"JTAG","v1frame",9.597527969,0.000000219,"Select-DR-Scan"
"JTAG","v1frame",9.597528219,0.00000025,"Capture-DR"
"JTAG","v1frame",9.5975285,0.000011438,"Shift-DR
0x04400000001 (41)
0x00000000000 (41)"
"JTAG","v1frame",9.597539969,0.000000406,"Exit1-DR"
"JTAG","v1frame",9.597540406,0.000000219,"Update-DR"
"JTAG","v1frame",9.597540656,0.000214719,"Run-Test/Idle"
"JTAG","v1frame",9.597755406,0.000000219,"Select-DR-Scan"
"JTAG","v1frame",9.597755656,0.00000025,"Capture-DR"
"JTAG","v1frame",9.597755938,0.000011437,"Shift-DR
0x04400000000 (41)
0x044010C0E88 (41)"
"JTAG","v1frame",9.597767406,0.000000406,"Exit1-DR"
"JTAG","v1frame",9.597767844,0.000000219,"Update-DR"
"JTAG","v1frame",9.597768094,0.099953219,"Run-Test/Idle"
"JTAG","v1frame",9.697721344,0.00000025,"Select-DR-Scan"
"JTAG","v1frame",9.697721625,0.00000025,"Select-IR-Scan"
"JTAG","v1frame",9.697721906,0.000000219,"Capture-IR"
"JTAG","v1frame",9.697722156,0.000001625,"Shift-IR
0x11 (5)
0x11 (5)"
"JTAG","v1frame",9.697723812,0.000000406,"Exit1-IR"
"JTAG","v1frame",9.69772425,0.00000025,"Update-IR"
"JTAG","v1frame",9.697724531,0.000000406,"Run-Test/Idle"
"JTAG","v1frame",9.697724969,0.000000219,"Select-DR-Scan"
"JTAG","v1frame",9.697725219,0.00000025,"Capture-DR"
"JTAG","v1frame",9.6977255,0.000011437,"Shift-DR
0x04400000001 (41)
0x00000000000 (41)"
"JTAG","v1frame",9.697736969,0.000000406,"Exit1-DR"
"JTAG","v1frame",9.697737406,0.000000219,"Update-DR"
"JTAG","v1frame",9.697737656,0.000182938,"Run-Test/Idle"
"JTAG","v1frame",9.697920625,0.00000025,"Select-DR-Scan"
"JTAG","v1frame",9.697920906,0.000000219,"Capture-DR"
"JTAG","v1frame",9.697921156,0.000011437,"Shift-DR
0x04400000000 (41)
0x044010C0E88 (41)"
"JTAG","v1frame",9.697932625,0.000000406,"Exit1-DR"
"JTAG","v1frame",9.697933063,0.00000025,"Update-DR"
"JTAG","v1frame",9.697933344,0.09979525,"Run-Test/Idle"
"JTAG","v1frame",9.797728625,0.00000025,"Select-DR-Scan"
"JTAG","v1frame",9.797728906,0.000000219,"Select-IR-Scan"
"JTAG","v1frame",9.797729156,0.00000025,"Capture-IR"
"JTAG","v1frame",9.797729437,0.000001625,"Shift-IR
0x11 (5)
0x11 (5)"
"JTAG","v1frame",9.797731094,0.000000406,"Exit1-IR"
"JTAG","v1frame",9.797731531,0.00000025,"Update-IR"
"JTAG","v1frame",9.797731813,0.000000406,"Run-Test/Idle"
"JTAG","v1frame",9.79773225,0.000000219,"Select-DR-Scan"
"JTAG","v1frame",9.7977325,0.00000025,"Capture-DR"
"JTAG","v1frame",9.797732781,0.000011438,"Shift-DR
0x04400000001 (41)
0x00000000000 (41)"
"JTAG","v1frame",9.79774425,0.000000375,"Exit1-DR"
"JTAG","v1frame",9.797744656,0.00000025,"Update-DR"
"JTAG","v1frame",9.797744937,0.000138313,"Run-Test/Idle"
"JTAG","v1frame",9.797883281,0.00000025,"Select-DR-Scan"
"JTAG","v1frame",9.797883562,0.000000219,"Capture-DR"
"JTAG","v1frame",9.797883813,0.000011437,"Shift-DR
0x04400000000 (41)
0x044010C0E88 (41)"
"JTAG","v1frame",9.797895281,0.000000406,"Exit1-DR"
"JTAG","v1frame",9.797895719,0.000000219,"Update-DR"
"JTAG","v1frame",9.797895969,0.099998281,"Run-Test/Idle"
"JTAG","v1frame",9.897894281,0.00000025,"Select-DR-Scan"
"JTAG","v1frame",9.897894562,0.00000025,"Select-IR-Scan"
"JTAG","v1frame",9.897894844,0.000000219,"Capture-IR"
"JTAG","v1frame",9.897895094,0.000001625,"Shift-IR
0x11 (5)
0x11 (5)"
"JTAG","v1frame",9.89789675,0.000000406,"Exit1-IR"
"JTAG","v1frame",9.897897187,0.00000025,"Update-IR"
"JTAG","v1frame",9.897897469,0.000000406,"Run-Test/Idle"
"JTAG","v1frame",9.897897906,0.000000219,"Select-DR-Scan"
"JTAG","v1frame",9.897898156,0.00000025,"Capture-DR"
"JTAG","v1frame",9.897898438,0.000011437,"Shift-DR
0x04400000001 (41)
0x00000000000 (41)"
"JTAG","v1frame",9.897909906,0.000000375,"Exit1-DR"
"JTAG","v1frame",9.897910313,0.00000025,"Update-DR"
"JTAG","v1frame",9.897910594,0.000207281,"Run-Test/Idle"
"JTAG","v1frame",9.898117906,0.00000025,"Select-DR-Scan"
"JTAG","v1frame",9.898118187,0.000000219,"Capture-DR"
"JTAG","v1frame",9.898118438,0.000011437,"Shift-DR
0x04400000000 (41)
0x044010C0E88 (41)"
"JTAG","v1frame",9.898129906,0.000000406,"Exit1-DR"
"JTAG","v1frame",9.898130344,0.000000219,"Update-DR"
"JTAG","v1frame",9.898130594,0.100763656,"Run-Test/Idle"
"JTAG","v1frame",9.998894281,0.00000025,"Select-DR-Scan"
"JTAG","v1frame",9.998894563,0.000000219,"Select-IR-Scan"
"JTAG","v1frame",9.998894812,0.00000025,"Capture-IR"
"JTAG","v1frame",9.998895094,0.000001625,"Shift-IR
0x11 (5)
0x11 (5)"
"JTAG","v1frame",9.99889675,0.000000406,"Exit1-IR"
"JTAG","v1frame",9.998897188,0.00000025,"Update-IR"
"JTAG","v1frame",9.998897469,0.000000406,"Run-Test/Idle"
"JTAG","v1frame",9.998897906,0.000000219,"Select-DR-Scan"
"JTAG","v1frame",9.998898156,0.00000025,"Capture-DR"
"JTAG","v1frame",9.998898437,0.000011438,"Shift-DR
0x04400000001 (41)
0x00000000000 (41)"
"JTAG","v1frame",9.998909906,0.000000375,"Exit1-DR"
"JTAG","v1frame",9.998910312,0.00000025,"Update-DR"
"JTAG","v1frame",9.998910594,0.000114937,"Run-Test/Idle"
"JTAG","v1frame",9.999025562,0.000000219,"Select-DR-Scan"
"JTAG","v1frame",9.999025812,0.00000025,"Capture-DR"
"JTAG","v1frame",9.999026094,0.000011437,"Shift-DR
0x04400000000 (41)
0x044010C0E88 (41)"
"JTAG","v1frame",9.999037562,0.000000406,"Exit1-DR"
"JTAG","v1frame",9.999038,0.000000219,"Update-DR"
"JTAG","v1frame",9.99903825,0.100231313,"Run-Test/Idle"
"JTAG","v1frame",10.099269594,0.000000219,"Select-DR-Scan"
"JTAG","v1frame",10.099269844,0.00000025,"Select-IR-Scan"
"JTAG","v1frame",10.099270125,0.000000219,"Capture-IR"
"JTAG","v1frame",10.099270375,0.000001656,"Shift-IR
0x11 (5)
0x11 (5)"
"JTAG","v1frame",10.099272063,0.000000375,"Exit1-IR"
"JTAG","v1frame",10.099272469,0.00000025,"Update-IR"
"JTAG","v1frame",10.09927275,0.000000406,"Run-Test/Idle"
"JTAG","v1frame",10.099273187,0.000000219,"Select-DR-Scan"
"JTAG","v1frame",10.099273438,0.00000025,"Capture-DR"
"JTAG","v1frame",10.099273719,0.000011437,"Shift-DR
0x04400000001 (41)
0x00000000000 (41)"
"JTAG","v1frame",10.099285187,0.000000406,"Exit1-DR"
"JTAG","v1frame",10.099285625,0.000000219,"Update-DR"
"JTAG","v1frame",10.099285875,0.000213625,"Run-Test/Idle"
"JTAG","v1frame",10.099499531,0.000000219,"Select-DR-Scan"
"JTAG","v1frame",10.099499781,0.00000025,"Capture-DR"
"JTAG","v1frame",10.099500063,0.000011437,"Shift-DR
0x04400000000 (41)
0x044010C0E88 (41)"
"JTAG","v1frame",10.099511531,0.000000406,"Exit1-DR"
"JTAG","v1frame",10.099511969,0.000000219,"Update-DR"
"JTAG","v1frame",10.099512219,0.100907469,"Run-Test/Idle"
"JTAG","v1frame",10.200419719,0.00000025,"Select-DR-Scan"
"JTAG","v1frame",10.20042,0.000000219,"Select-IR-Scan"
"JTAG","v1frame",10.20042025,0.00000025,"Capture-IR"
"JTAG","v1frame",10.200420531,0.000001625,"Shift-IR
0x11 (5)
0x11 (5)"
"JTAG","v1frame",10.200422187,0.000000406,"Exit1-IR"
"JTAG","v1frame",10.200422625,0.00000025,"Update-IR"
"JTAG","v1frame",10.200422906,0.000000375,"Run-Test/Idle"
"JTAG","v1frame",10.200423312,0.00000025,"Select-DR-Scan"
"JTAG","v1frame",10.200423594,0.000000219,"Capture-DR"
"JTAG","v1frame",10.200423844,0.000011437,"Shift-DR
0x04400000001 (41)
0x00000000000 (41)"
"JTAG","v1frame",10.200435312,0.000000406,"Exit1-DR"
"JTAG","v1frame",10.20043575,0.00000025,"Update-DR"
"JTAG","v1frame",10.200436031,0.000158406,"Run-Test/Idle"
"JTAG","v1frame",10.200594469,0.000000219,"Select-DR-Scan"
"JTAG","v1frame",10.200594719,0.00000025,"Capture-DR"
"JTAG","v1frame",10.200595,0.000011437,"Shift-DR
0x04400000000 (41)
0x044010C0E88 (41)"
"JTAG","v1frame",10.200606469,0.000000375,"Exit1-DR"
"JTAG","v1frame",10.200606875,0.00000025,"Update-DR"
"JTAG","v1frame",10.200607156,0.100586469,"Run-Test/Idle"
"JTAG","v1frame",10.301193656,0.00000025,"Select-DR-Scan"
"JTAG","v1frame",10.301193938,0.000000219,"Select-IR-Scan"
"JTAG","v1frame",10.301194188,0.00000025,"Capture-IR"
"JTAG","v1frame",10.301194469,0.000001625,"Shift-IR
0x11 (5)
0x11 (5)"
"JTAG","v1frame",10.301196125,0.000000406,"Exit1-IR"
"JTAG","v1frame",10.301196562,0.000000219,"Update-IR"
"JTAG","v1frame",10.301196813,0.000000406,"Run-Test/Idle"
"JTAG","v1frame",10.30119725,0.00000025,"Select-DR-Scan"
"JTAG","v1frame",10.301197531,0.000000219,"Capture-DR"
"JTAG","v1frame",10.301197781,0.000011437,"Shift-DR
0x04400000001 (41)
0x00000000000 (41)"
"JTAG","v1frame",10.30120925,0.000000406,"Exit1-DR"
"JTAG","v1frame",10.301209688,0.00000025,"Update-DR"
"JTAG","v1frame",10.301209969,0.000147625,"Run-Test/Idle"
"JTAG","v1frame",10.301357625,0.000000219,"Select-DR-Scan"
"JTAG","v1frame",10.301357875,0.00000025,"Capture-DR"
"JTAG","v1frame",10.301358156,0.000011437,"Shift-DR
0x04400000000 (41)
0x044010C0E88 (41)"
"JTAG","v1frame",10.301369625,0.000000406,"Exit1-DR"
"JTAG","v1frame",10.301370063,0.000000219,"Update-DR"
"JTAG","v1frame",10.301370312,0.099924281,"Run-Test/Idle"
"JTAG","v1frame",10.401294625,0.000000219,"Select-DR-Scan"
"JTAG","v1frame",10.401294875,0.00000025,"Select-IR-Scan"
"JTAG","v1frame",10.401295156,0.000000219,"Capture-IR"
"JTAG","v1frame",10.401295406,0.000001656,"Shift-IR
0x11 (5)
0x11 (5)"
"JTAG","v1frame",10.401297094,0.000000406,"Exit1-IR"
"JTAG","v1frame",10.401297531,0.000000219,"Update-IR"
"JTAG","v1frame",10.401297781,0.000000406,"Run-Test/Idle"
"JTAG","v1frame",10.401298219,0.00000025,"Select-DR-Scan"
"JTAG","v1frame",10.4012985,0.000000219,"Capture-DR"
"JTAG","v1frame",10.40129875,0.000011437,"Shift-DR
0x04400000001 (41)
0x00000000000 (41)"
"JTAG","v1frame",10.401310219,0.000000406,"Exit1-DR"
"JTAG","v1frame",10.401310656,0.000000219,"Update-DR"
"JTAG","v1frame",10.401310906,0.000154187,"Run-Test/Idle"
"JTAG","v1frame",10.401465125,0.000000219,"Select-DR-Scan"
"JTAG","v1frame",10.401465375,0.00000025,"Capture-DR"
"JTAG","v1frame",10.401465656,0.000011437,"Shift-DR
0x04400000000 (41)
0x044010C0E88 (41)"
"JTAG","v1frame",10.401477125,0.000000406,"Exit1-DR"
"JTAG","v1frame",10.401477563,0.000000219,"Update-DR"
"JTAG","v1frame",10.401477812,0.099945906,"Run-Test/Idle"
"JTAG","v1frame",10.50142375,0.00000025,"Select-DR-Scan"
"JTAG","v1frame",10.501424031,0.000000219,"Select-IR-Scan"
"JTAG","v1frame",10.501424281,0.00000025,"Capture-IR"
"JTAG","v1frame",10.501424563,0.000001625,"Shift-IR
0x11 (5)
0x11 (5)"
"JTAG","v1frame",10.501426219,0.000000406,"Exit1-IR"
"JTAG","v1frame",10.501426656,0.00000025,"Update-IR"
"JTAG","v1frame",10.501426937,0.000000406,"Run-Test/Idle"
"JTAG","v1frame",10.501427375,0.000000219,"Select-DR-Scan"
"JTAG","v1frame",10.501427625,0.00000025,"Capture-DR"
"JTAG","v1frame",10.501427906,0.000011437,"Shift-DR
0x04400000001 (41)
0x00000000000 (41)"
"JTAG","v1frame",10.501439375,0.000000375,"Exit1-DR"
"JTAG","v1frame",10.501439781,0.00000025,"Update-DR"
"JTAG","v1frame",10.501440063,0.000194188,"Run-Test/Idle"
"JTAG","v1frame",10.501634281,0.000000219,"Select-DR-Scan"
"JTAG","v1frame",10.501634531,0.00000025,"Capture-DR"
"JTAG","v1frame",10.501634813,0.000011437,"Shift-DR
0x04400000000 (41)
0x044010C0E88 (41)"
"JTAG","v1frame",10.501646281,0.000000406,"Exit1-DR"
"JTAG","v1frame",10.501646719,0.000000219,"Update-DR"
"JTAG","v1frame",10.501646969,0.100408094,"Run-Test/Idle"
"JTAG","v1frame",10.602055094,0.000000219,"Select-DR-Scan"
"JTAG","v1frame",10.602055344,0.00000025,"Select-IR-Scan"
"JTAG","v1frame",10.602055625,0.000000219,"Capture-IR"
"JTAG","v1frame",10.602055875,0.000001656,"Shift-IR
0x11 (5)
0x11 (5)"
"JTAG","v1frame",10.602057563,0.000000375,"Exit1-IR"
"JTAG","v1frame",10.602057969,0.00000025,"Update-IR"
"JTAG","v1frame",10.60205825,0.000000406,"Run-Test/Idle"
"JTAG","v1frame",10.602058687,0.000000219,"Select-DR-Scan"
"JTAG","v1frame",10.602058938,0.00000025,"Capture-DR"
"JTAG","v1frame",10.602059219,0.000011437,"Shift-DR
0x04400000001 (41)
0x00000000000 (41)"
"JTAG","v1frame",10.602070687,0.000000406,"Exit1-DR"
"JTAG","v1frame",10.602071125,0.000000219,"Update-DR"
"JTAG","v1frame",10.602071375,0.000216531,"Run-Test/Idle"
"JTAG","v1frame",10.602287937,0.000000219,"Select-DR-Scan"
"JTAG","v1frame",10.602288187,0.00000025,"Capture-DR"
"JTAG","v1frame",10.602288469,0.000011437,"Shift-DR
0x04400000000 (41)
0x044010C0E88 (41)"
"JTAG","v1frame",10.602299937,0.000000406,"Exit1-DR"
"JTAG","v1frame",10.602300375,0.000000219,"Update-DR"
"JTAG","v1frame",10.602300625,0.099919594,"Run-Test/Idle"
"JTAG","v1frame",10.70222025,0.00000025,"Select-DR-Scan"
"JTAG","v1frame",10.702220531,0.000000219,"Select-IR-Scan"
"JTAG","v1frame",10.702220781,0.00000025,"Capture-IR"
"JTAG","v1frame",10.702221062,0.000001625,"Shift-IR
0x11 (5)
0x11 (5)"
"JTAG","v1frame",10.702222719,0.000000406,"Exit1-IR"
"JTAG","v1frame",10.702223156,0.00000025,"Update-IR"
"JTAG","v1frame",10.702223438,0.000000375,"Run-Test/Idle"
"JTAG","v1frame",10.702223844,0.00000025,"Select-DR-Scan"
"JTAG","v1frame",10.702224125,0.000000219,"Capture-DR"
"JTAG","v1frame",10.702224375,0.000011437,"Shift-DR
0x04400000001 (41)
0x00000000000 (41)"
"JTAG","v1frame",10.702235844,0.000000406,"Exit1-DR"
"JTAG","v1frame",10.702236281,0.00000025,"Update-DR"
"JTAG","v1frame",10.702236562,0.0001845,"Run-Test/Idle"
"JTAG","v1frame",10.702421094,0.00000025,"Select-DR-Scan"
"JTAG","v1frame",10.702421375,0.000000219,"Capture-DR"
"JTAG","v1frame",10.702421625,0.000011438,"Shift-DR
0x04400000000 (41)
0x044010C0E88 (41)"
"JTAG","v1frame",10.702433094,0.000000406,"Exit1-DR"
"JTAG","v1frame",10.702433531,0.00000025,"Update-DR"
"JTAG","v1frame",10.702433813,0.100094562,"Run-Test/Idle"
"JTAG","v1frame",10.802528406,0.000000219,"Select-DR-Scan"
"JTAG","v1frame",10.802528656,0.00000025,"Select-IR-Scan"
"JTAG","v1frame",10.802528937,0.000000219,"Capture-IR"
"JTAG","v1frame",10.802529188,0.000001656,"Shift-IR
0x11 (5)
0x11 (5)"
"JTAG","v1frame",10.802530875,0.000000375,"Exit1-IR"
"JTAG","v1frame",10.802531281,0.00000025,"Update-IR"
"JTAG","v1frame",10.802531563,0.000000406,"Run-Test/Idle"
"JTAG","v1frame",10.802532,0.000000219,"Select-DR-Scan"
"JTAG","v1frame",10.80253225,0.00000025,"Capture-DR"
"JTAG","v1frame",10.802532531,0.000011438,"Shift-DR
0x04400000001 (41)
0x00000000000 (41)"
"JTAG","v1frame",10.802544,0.000000406,"Exit1-DR"
"JTAG","v1frame",10.802544437,0.000000219,"Update-DR"
"JTAG","v1frame",10.802544687,0.000165156,"Run-Test/Idle"
"JTAG","v1frame",10.802709875,0.00000025,"Select-DR-Scan"
"JTAG","v1frame",10.802710156,0.000000219,"Capture-DR"
"JTAG","v1frame",10.802710406,0.000011437,"Shift-DR
0x04400000000 (41)
0x044010C0E88 (41)"
"JTAG","v1frame",10.802721875,0.000000406,"Exit1-DR"
"JTAG","v1frame",10.802722313,0.000000219,"Update-DR"
"JTAG","v1frame",10.802722562,0.100762063,"Run-Test/Idle"
"JTAG","v1frame",10.903484656,0.00000025,"Select-DR-Scan"
"JTAG","v1frame",10.903484938,0.000000219,"Select-IR-Scan"
"JTAG","v1frame",10.903485187,0.00000025,"Capture-IR"
"JTAG","v1frame",10.903485469,0.000001625,"Shift-IR
0x11 (5)
0x11 (5)"
"JTAG","v1frame",10.903487125,0.000000406,"Exit1-IR"
"JTAG","v1frame",10.903487563,0.000000219,"Update-IR"
"JTAG","v1frame",10.903487812,0.000000406,"Run-Test/Idle"
"JTAG","v1frame",10.90348825,0.00000025,"Select-DR-Scan"
"JTAG","v1frame",10.903488531,0.000000219,"Capture-DR"
"JTAG","v1frame",10.903488781,0.000011438,"Shift-DR
0x04400000001 (41)
0x00000000000 (41)"
"JTAG","v1frame",10.90350025,0.000000406,"Exit1-DR"
"JTAG","v1frame",10.903500687,0.00000025,"Update-DR"
"JTAG","v1frame",10.903500969,0.000145937,"Run-Test/Idle"
"JTAG","v1frame",10.903646937,0.000000219,"Select-DR-Scan"
"JTAG","v1frame",10.903647188,0.00000025,"Capture-DR"
"JTAG","v1frame",10.903647469,0.000011437,"Shift-DR
0x04400000000 (41)
0x044010C0E88 (41)"
"JTAG","v1frame",10.903658937,0.000000375,"Exit1-DR"
"JTAG","v1frame",10.903659344,0.00000025,"Update-DR"
"JTAG","v1frame",10.903659625,0.100160594,"Run-Test/Idle"
"JTAG","v1frame",11.00382025,0.00000025,"Select-DR-Scan"
"JTAG","v1frame",11.003820531,0.000000219,"Select-IR-Scan"
"JTAG","v1frame",11.003820781,0.00000025,"Capture-IR"
"JTAG","v1frame",11.003821062,0.000001625,"Shift-IR
0x11 (5)
0x11 (5)"
"JTAG","v1frame",11.003822719,0.000000406,"Exit1-IR"
"JTAG","v1frame",11.003823156,0.000000219,"Update-IR"
"JTAG","v1frame",11.003823406,0.000000406,"Run-Test/Idle"
"JTAG","v1frame",11.003823844,0.00000025,"Select-DR-Scan"
"JTAG","v1frame",11.003824125,0.000000219,"Capture-DR"
"JTAG","v1frame",11.003824375,0.000011437,"Shift-DR
0x04400000001 (41)
0x00000000000 (41)"
"JTAG","v1frame",11.003835844,0.000000406,"Exit1-DR"
"JTAG","v1frame",11.003836281,0.00000025,"Update-DR"
"JTAG","v1frame",11.003836563,0.000168,"Run-Test/Idle"
"JTAG","v1frame",11.004004594,0.00000025,"Select-DR-Scan"
"JTAG","v1frame",11.004004875,0.000000219,"Capture-DR"
"JTAG","v1frame",11.004005125,0.000011437,"Shift-DR
0x04400000000 (41)
0x044010C0E88 (41)"
"JTAG","v1frame",11.004016594,0.000000406,"Exit1-DR"
"JTAG","v1frame",11.004017031,0.00000025,"Update-DR"
"JTAG","v1frame",11.004017313,0.100699844,"Run-Test/Idle"
"JTAG","v1frame",11.104717188,0.000000219,"Select-DR-Scan"
"JTAG","v1frame",11.104717437,0.00000025,"Select-IR-Scan"
"JTAG","v1frame",11.104717719,0.000000219,"Capture-IR"
"JTAG","v1frame",11.104717969,0.000001656,"Shift-IR
0x11 (5)
0x11 (5)"
"JTAG","v1frame",11.104719656,0.000000406,"Exit1-IR"
"JTAG","v1frame",11.104720094,0.000000219,"Update-IR"
"JTAG","v1frame",11.104720344,0.000000406,"Run-Test/Idle"
"JTAG","v1frame",11.104720781,0.00000025,"Select-DR-Scan"
"JTAG","v1frame",11.104721062,0.000000219,"Capture-DR"
"JTAG","v1frame",11.104721313,0.000011438,"Shift-DR
0x04400000001 (41)
0x00000000000 (41)"
"JTAG","v1frame",11.104732781,0.000000406,"Exit1-DR"
"JTAG","v1frame",11.104733219,0.000000219,"Update-DR"
"JTAG","v1frame",11.104733469,0.00018675,"Run-Test/Idle"
"JTAG","v1frame",11.10492025,0.00000025,"Select-DR-Scan"
"JTAG","v1frame",11.104920531,0.000000219,"Capture-DR"
"JTAG","v1frame",11.104920781,0.000011437,"Shift-DR
0x04400000000 (41)
0x044010C0E88 (41)"
"JTAG","v1frame",11.10493225,0.000000406,"Exit1-DR"
"JTAG","v1frame",11.104932687,0.00000025,"Update-DR"
"JTAG","v1frame",11.104932969,0.100132125,"Run-Test/Idle"
"JTAG","v1frame",11.205065125,0.000000219,"Select-DR-Scan"
"JTAG","v1frame",11.205065375,0.00000025,"Select-IR-Scan"
"JTAG","v1frame",11.205065656,0.000000219,"Capture-IR"
"JTAG","v1frame",11.205065906,0.000001656,"Shift-IR
0x11 (5)
0x11 (5)"
"JTAG","v1frame",11.205067594,0.000000406,"Exit1-IR"
"JTAG","v1frame",11.205068031,0.000000219,"Update-IR"
"JTAG","v1frame",11.205068281,0.000000406,"Run-Test/Idle"
"JTAG","v1frame",11.205068719,0.00000025,"Select-DR-Scan"
"JTAG","v1frame",11.205069,0.000000219,"Capture-DR"
"JTAG","v1frame",11.20506925,0.000011438,"Shift-DR
0x04400000001 (41)
0x00000000000 (41)"
"JTAG","v1frame",11.205080719,0.000000406,"Exit1-DR"
"JTAG","v1frame",11.205081156,0.000000219,"Update-DR"
"JTAG","v1frame",11.205081406,0.000181844,"Run-Test/Idle"
"JTAG","v1frame",11.205263281,0.000000219,"Select-DR-Scan"
"JTAG","v1frame",11.205263531,0.00000025,"Capture-DR"
"JTAG","v1frame",11.205263813,0.000011437,"Shift-DR
0x04400000000 (41)
0x044010C0E88 (41)"
"JTAG","v1frame",11.205275281,0.000000375,"Exit1-DR"
"JTAG","v1frame",11.205275688,0.00000025,"Update-DR"
"JTAG","v1frame",11.205275969,0.100443937,"Run-Test/Idle"
"JTAG","v1frame",11.305719937,0.000000219,"Select-DR-Scan"
"JTAG","v1frame",11.305720188,0.00000025,"Select-IR-Scan"
"JTAG","v1frame",11.305720469,0.000000219,"Capture-IR"
"JTAG","v1frame",11.305720719,0.000001625,"Shift-IR
0x11 (5)
0x11 (5)"
"JTAG","v1frame",11.305722375,0.000000406,"Exit1-IR"
"JTAG","v1frame",11.305722813,0.00000025,"Update-IR"
"JTAG","v1frame",11.305723094,0.000000406,"Run-Test/Idle"
"JTAG","v1frame",11.305723531,0.000000219,"Select-DR-Scan"
"JTAG","v1frame",11.305723781,0.00000025,"Capture-DR"
"JTAG","v1frame",11.305724062,0.000011438,"Shift-DR
0x04400000001 (41)
0x00000000000 (41)"
"JTAG","v1frame",11.305735531,0.000000406,"Exit1-DR"
"JTAG","v1frame",11.305735969,0.000000219,"Update-DR"
"JTAG","v1frame",11.305736219,0.00017625,"Run-Test/Idle"
"JTAG","v1frame",11.3059125,0.00000025,"Select-DR-Scan"
"JTAG","v1frame",11.305912781,0.000000219,"Capture-DR"
"JTAG","v1frame",11.305913031,0.000011437,"Shift-DR
0x04400000000 (41)
0x044010C0E88 (41)"
"JTAG","v1frame",11.3059245,0.000000406,"Exit1-DR"
"JTAG","v1frame",11.305924938,0.00000025,"Update-DR"
"JTAG","v1frame",11.305925219,0.099890406,"Run-Test/Idle"
"JTAG","v1frame",11.405815656,0.000000219,"Select-DR-Scan"
"JTAG","v1frame",11.405815906,0.00000025,"Select-IR-Scan"
"JTAG","v1frame",11.405816187,0.000000219,"Capture-IR"
"JTAG","v1frame",11.405816438,0.000001656,"Shift-IR
0x11 (5)
0x11 (5)"
"JTAG","v1frame",11.405818125,0.000000406,"Exit1-IR"
"JTAG","v1frame",11.405818563,0.000000219,"Update-IR"
"JTAG","v1frame",11.405818812,0.000000406,"Run-Test/Idle"
"JTAG","v1frame",11.40581925,0.00000025,"Select-DR-Scan"
"JTAG","v1frame",11.405819531,0.000000219,"Capture-DR"
"JTAG","v1frame",11.405819781,0.000011437,"Shift-DR
0x04400000001 (41)
0x00000000000 (41)"
"JTAG","v1frame",11.40583125,0.000000406,"Exit1-DR"
"JTAG","v1frame",11.405831687,0.000000219,"Update-DR"
"JTAG","v1frame",11.405831938,0.00017,"Run-Test/Idle"
"JTAG","v1frame",11.406001969,0.000000219,"Select-DR-Scan"
"JTAG","v1frame",11.406002219,0.00000025,"Capture-DR"
"JTAG","v1frame",11.4060025,0.000011438,"Shift-DR
0x04400000000 (41)
0x044010C0E88 (41)"
"JTAG","v1frame",11.406013969,0.000000406,"Exit1-DR"
"JTAG","v1frame",11.406014406,0.000000219,"Update-DR"
"JTAG","v1frame",11.406014656,0.100110781,"Run-Test/Idle"
"JTAG","v1frame",11.506125469,0.000000219,"Select-DR-Scan"
"JTAG","v1frame",11.506125719,0.00000025,"Select-IR-Scan"
"JTAG","v1frame",11.506126,0.000000219,"Capture-IR"
"JTAG","v1frame",11.50612625,0.000001656,"Shift-IR
0x11 (5)
0x11 (5)"
"JTAG","v1frame",11.506127938,0.000000375,"Exit1-IR"
"JTAG","v1frame",11.506128344,0.00000025,"Update-IR"
"JTAG","v1frame",11.506128625,0.000000406,"Run-Test/Idle"
"JTAG","v1frame",11.506129062,0.000000219,"Select-DR-Scan"
"JTAG","v1frame",11.506129313,0.00000025,"Capture-DR"
"JTAG","v1frame",11.506129594,0.000011437,"Shift-DR
0x04400000001 (41)
0x00000000000 (41)"
"JTAG","v1frame",11.506141062,0.000000406,"Exit1-DR"
"JTAG","v1frame",11.5061415,0.000000219,"Update-DR"
"JTAG","v1frame",11.50614175,0.000229719,"Run-Test/Idle"
"JTAG","v1frame",11.5063715,0.000000219,"Select-DR-Scan"
"JTAG","v1frame",11.50637175,0.00000025,"Capture-DR"
"JTAG","v1frame",11.506372031,0.000011437,"Shift-DR
0x04400000000 (41)
0x044010C0E88 (41)"
"JTAG","v1frame",11.5063835,0.000000375,"Exit1-DR"
"JTAG","v1frame",11.506383906,0.00000025,"Update-DR"
"JTAG","v1frame",11.506384188,0.100259156,"Run-Test/Idle"
"JTAG","v1frame",11.606643375,0.00000025,"Select-DR-Scan"
"JTAG","v1frame",11.606643656,0.000000219,"Select-IR-Scan"
"JTAG","v1frame",11.606643906,0.00000025,"Capture-IR"
"JTAG","v1frame",11.606644188,0.000001625,"Shift-IR
0x11 (5)
0x11 (5)"
"JTAG","v1frame",11.606645844,0.000000406,"Exit1-IR"
"JTAG","v1frame",11.606646281,0.000000219,"Update-IR"
"JTAG","v1frame",11.606646531,0.000000406,"Run-Test/Idle"
"JTAG","v1frame",11.606646969,0.00000025,"Select-DR-Scan"
"JTAG","v1frame",11.60664725,0.000000219,"Capture-DR"
"JTAG","v1frame",11.6066475,0.000011438,"Shift-DR
0x04400000001 (41)
0x00000000000 (41)"
"JTAG","v1frame",11.606658969,0.000000406,"Exit1-DR"
"JTAG","v1frame",11.606659406,0.00000025,"Update-DR"
"JTAG","v1frame",11.606659688,0.000280875,"Run-Test/Idle"
"JTAG","v1frame",11.606940594,0.000000219,"Select-DR-Scan"
"JTAG","v1frame",11.606940844,0.00000025,"Capture-DR"
"JTAG","v1frame",11.606941125,0.000011437,"Shift-DR
0x04400000000 (41)
0x044010C0E88 (41)"
"JTAG","v1frame",11.606952594,0.000000406,"Exit1-DR"
"JTAG","v1frame",11.606953031,0.000000219,"Update-DR"
"JTAG","v1frame",11.606953281,0.100025813,"Run-Test/Idle"
"JTAG","v1frame",11.706979125,0.000000219,"Select-DR-Scan"
"JTAG","v1frame",11.706979375,0.00000025,"Select-IR-Scan"
"JTAG","v1frame",11.706979656,0.000000219,"Capture-IR"
"JTAG","v1frame",11.706979906,0.000001656,"Shift-IR
0x11 (5)
0x11 (5)"
"JTAG","v1frame",11.706981594,0.000000375,"Exit1-IR"
"JTAG","v1frame",11.706982,0.00000025,"Update-IR"
"JTAG","v1frame",11.706982281,0.000000406,"Run-Test/Idle"
"JTAG","v1frame",11.706982719,0.000000219,"Select-DR-Scan"
"JTAG","v1frame",11.706982969,0.00000025,"Capture-DR"
"JTAG","v1frame",11.70698325,0.000011437,"Shift-DR
0x04400000001 (41)
0x00000000000 (41)"
"JTAG","v1frame",11.706994719,0.000000406,"Exit1-DR"
"JTAG","v1frame",11.706995156,0.000000219,"Update-DR"
"JTAG","v1frame",11.706995406,0.000213344,"Run-Test/Idle"
"JTAG","v1frame",11.707208781,0.00000025,"Select-DR-Scan"
"JTAG","v1frame",11.707209063,0.00000025,"Capture-DR"
"JTAG","v1frame",11.707209344,0.000011406,"Shift-DR
0x04400000000 (41)
0x044010C0E88 (41)"
"JTAG","v1frame",11.707220781,0.000000406,"Exit1-DR"
"JTAG","v1frame",11.707221219,0.00000025,"Update-DR"
"JTAG","v1frame",11.7072215,0.1003865,"Run-Test/Idle"
"JTAG","v1frame",11.807608031,0.00000025,"Select-DR-Scan"
"JTAG","v1frame",11.807608312,0.000000219,"Select-IR-Scan"
"JTAG","v1frame",11.807608563,0.00000025,"Capture-IR"
"JTAG","v1frame",11.807608844,0.000001625,"Shift-IR
0x11 (5)
0x11 (5)"
"JTAG","v1frame",11.8076105,0.000000406,"Exit1-IR"
"JTAG","v1frame",11.807610937,0.000000219,"Update-IR"
"JTAG","v1frame",11.807611187,0.000000406,"Run-Test/Idle"
"JTAG","v1frame",11.807611625,0.00000025,"Select-DR-Scan"
"JTAG","v1frame",11.807611906,0.000000219,"Capture-DR"
"JTAG","v1frame",11.807612156,0.000011437,"Shift-DR
0x04400000001 (41)
0x00000000000 (41)"
"JTAG","v1frame",11.807623625,0.000000406,"Exit1-DR"
"JTAG","v1frame",11.807624063,0.00000025,"Update-DR"
"JTAG","v1frame",11.807624344,0.000190313,"Run-Test/Idle"
"JTAG","v1frame",11.807814688,0.00000025,"Select-DR-Scan"
"JTAG","v1frame",11.807814969,0.000000219,"Capture-DR"
"JTAG","v1frame",11.807815219,0.000011438,"Shift-DR
0x04400000000 (41)
0x044010C0E88 (41)"
"JTAG","v1frame",11.807826688,0.000000406,"Exit1-DR"
"JTAG","v1frame",11.807827125,0.00000025,"Update-DR"
"JTAG","v1frame",11.807827406,0.100634438,"Run-Test/Idle"
"JTAG","v1frame",11.908461875,0.000000219,"Select-DR-Scan"
"JTAG","v1frame",11.908462125,0.00000025,"Select-IR-Scan"
"JTAG","v1frame",11.908462406,0.000000219,"Capture-IR"
"JTAG","v1frame",11.908462656,0.000001656,"Shift-IR
0x11 (5)
0x11 (5)"
"JTAG","v1frame",11.908464344,0.000000406,"Exit1-IR"
"JTAG","v1frame",11.908464781,0.000000219,"Update-IR"
"JTAG","v1frame",11.908465031,0.000000406,"Run-Test/Idle"
"JTAG","v1frame",11.908465469,0.000000219,"Select-DR-Scan"
"JTAG","v1frame",11.908465719,0.00000025,"Capture-DR"
"JTAG","v1frame",11.908466,0.000011437,"Shift-DR
0x04400000001 (41)
0x00000000000 (41)"
"JTAG","v1frame",11.908477469,0.000000406,"Exit1-DR"
"JTAG","v1frame",11.908477906,0.000000219,"Update-DR"
"JTAG","v1frame",11.908478156,0.000203906,"Run-Test/Idle"
"JTAG","v1frame",11.908682094,0.00000025,"Select-DR-Scan"
"JTAG","v1frame",11.908682375,0.000000219,"Capture-DR"
"JTAG","v1frame",11.908682625,0.000011437,"Shift-DR
0x04400000000 (41)
0x044010C0E88 (41)"
"JTAG","v1frame",11.908694094,0.000000406,"Exit1-DR"
"JTAG","v1frame",11.908694531,0.000000219,"Update-DR"
